ticker,price_change,volatility,sentiment_score,loss_aversion_score,herding_index,reaction_speed,target
GE,0.99,0.93,0.46,0.0,4,2,1
IT,0.56,1.51,0.42,0.0,5,5,1
LW,-1.16,0.74,-0.63,0.0,9,5,0
PM,-3.45,0.72,0.22,0.759,9,4,0
MPWR,0.44,0.62,-0.24,0.0,3,1,0
VMC,0.24,0.74,-0.66,0.0,6,2,0
NEM,-1.2,1.47,-0.8,0.0,3,4,0
COST,-2.04,0.92,-0.01,0.0,2,1,0
MTCH,1.65,0.39,-0.38,0.0,5,2,0
LNT,-0.92,1.03,0.68,0.6256,1,2,1
KEYS,0.44,1.44,0.84,0.0,7,4,1
FAST,-0.23,0.85,-0.22,0.0,1,5,1
XEL,0.92,1.04,0.21,0.0,8,5,1
SOLS,1.16,1.44,0.46,0.0,0,3,1
CDNS,-0.41,0.69,-0.77,0.0,6,1,1
CDNS,-3.02,1.55,-0.87,0.0,6,5,0
INTU,1.63,1.68,0.77,0.0,0,3,1
CMCSA,0.72,0.68,0.52,0.0,9,3,1
IRM,-5.24,1.41,-0.95,0.0,2,1,0
SRE,0.18,0.01,0.82,0.0,6,5,0
SWK,-2.84,1.1,0.89,2.5276,6,3,1
BXP,1.41,1.18,0.25,0.0,8,5,1
BEN,0.51,1.16,-0.63,0.0,9,4,0
KVUE,1.45,0.87,-0.46,0.0,8,4,0
RJF,-2.7,0.49,-0.67,0.0,8,5,0
LOW,-2.19,1.46,-0.51,0.0,5,1,0
AMT,-1.33,0.93,-0.49,0.0,6,2,0
PKG,-1.52,1.23,1.0,1.52,0,2,0
EW,-1.32,1.0,-0.44,0.0,0,1,0
CCI,-1.15,0.79,-0.02,0.0,5,4,0
BALL,-0.43,0.66,-0.52,0.0,5,5,1
WBD,2.81,1.7,0.07,0.0,0,1,0
IRM,-1.98,0.72,-0.92,0.0,3,4,0
F,-3.1,1.03,0.29,0.8989999999999999,3,1,1
RCL,-1.84,1.77,0.87,1.6008,0,3,0
SO,-1.57,0.84,0.85,1.3345,9,3,1
PSX,-1.25,0.74,0.96,1.2,3,4,0
MPC,0.13,1.25,0.77,0.0,6,1,1
IBM,1.93,0.47,0.69,0.0,3,1,1
EBAY,-1.36,1.12,-0.68,0.0,5,4,0
BMY,-3.7,1.58,0.88,3.2560000000000002,8,5,1
DHR,-1.97,0.45,-0.03,0.0,2,5,1
OMC,1.47,0.52,-0.53,0.0,4,4,1
SWKS,2.69,0.63,0.44,0.0,0,4,1
LOW,4.55,1.07,-0.5,0.0,5,5,1
AMP,1.82,0.99,-0.13,0.0,4,1,0
OTIS,-0.53,2.36,-0.61,0.0,2,4,0
EQIX,0.08,0.93,-0.65,0.0,4,3,1
IBM,1.21,0.03,0.14,0.0,0,4,1
LOW,-1.69,0.24,0.7,1.1829999999999998,2,2,1
FOX,1.42,1.05,0.39,0.0,7,2,1
CBOE,0.12,0.43,0.75,0.0,0,1,1
AVB,0.84,0.64,0.11,0.0,9,2,0
AMD,0.61,1.13,0.83,0.0,9,1,1
PNW,-2.37,1.25,-0.86,0.0,2,4,0
NDSN,-3.12,2.0,0.34,1.0608000000000002,2,1,1
MOH,0.3,1.07,-0.5,0.0,9,3,0
MO,0.13,0.46,0.54,0.0,4,4,1
D,-0.78,1.22,-0.18,0.0,2,4,1
CINF,-2.62,0.0,0.49,1.2838,9,5,1
INTU,3.56,0.66,-0.88,0.0,9,1,1
HOLX,-3.1,0.83,-0.81,0.0,8,5,0
UNH,0.75,1.83,0.22,0.0,6,3,1
DDOG,-1.46,0.36,0.52,0.7592,8,5,1
MTCH,-0.47,1.94,-0.8,0.0,4,4,0
BK,-0.51,0.38,-0.2,0.0,9,5,1
AVY,-0.65,1.26,-0.97,0.0,2,2,0
NWSA,6.37,1.04,0.37,0.0,7,2,1
PAYX,0.14,0.81,0.88,0.0,7,4,1
PG,3.17,0.38,-0.08,0.0,2,3,0
LDOS,-0.3,1.29,0.92,0.276,9,3,0
LMT,0.56,0.69,-0.86,0.0,7,5,0
VICI,-1.18,1.42,-0.76,0.0,4,2,0
PFG,1.8,1.15,0.47,0.0,4,5,1
DVN,-1.66,0.72,0.5,0.83,2,1,1
SO,-1.23,1.19,-0.5,0.0,7,5,0
COST,1.53,0.44,0.48,0.0,2,1,1
FE,1.27,0.13,-0.01,0.0,8,5,1
BF-B,-0.48,1.43,-0.98,0.0,8,3,1
DD,-0.54,0.69,0.9,0.48600000000000004,3,3,0
AKAM,-1.71,0.99,-0.82,0.0,8,4,0
TFC,2.32,1.4,0.58,0.0,8,5,1
NTRS,0.65,1.84,0.41,0.0,8,2,1
APA,0.18,1.04,0.68,0.0,7,2,0
CVX,1.77,0.88,-0.71,0.0,4,3,0
AMGN,2.12,1.12,0.76,0.0,0,1,1
AWK,-3.49,1.53,0.42,1.4658,2,5,0
DTE,2.96,0.56,-0.5,0.0,2,3,1
EOG,-1.15,0.25,0.14,0.161,3,4,0
IDXX,1.3,1.27,0.49,0.0,2,5,1
HOLX,-1.08,0.29,-0.04,0.0,8,1,1
SYF,0.45,1.01,-0.85,0.0,2,3,0
GRMN,0.05,1.25,0.26,0.0,0,5,0
REG,-1.79,1.76,0.47,0.8412999999999999,9,4,0
STLD,-0.62,0.63,-0.66,0.0,3,2,0
COF,-2.7,0.72,-0.47,0.0,4,1,0
DASH,-0.65,0.17,-0.94,0.0,8,1,0
AIG,3.46,0.25,-0.46,0.0,2,5,1
MOS,-0.25,1.32,0.16,0.04,8,2,1
VMC,-2.46,1.09,-0.18,0.0,5,1,1
GPN,0.68,0.99,-0.25,0.0,9,1,1
ISRG,-0.23,1.62,-0.17,0.0,0,5,1
SO,0.01,1.02,0.54,0.0,4,2,1
MMM,-0.9,1.31,-0.1,0.0,0,3,0
ADP,-1.74,0.66,0.76,1.3224,7,2,0
SW,-1.66,0.85,0.34,0.5644,1,3,1
EMR,2.36,1.03,0.1,0.0,4,3,0
SPG,-2.04,0.87,-0.94,0.0,4,5,0
BG,2.3,1.26,0.81,0.0,1,2,1
RTX,-3.46,1.72,-0.13,0.0,1,4,1
KDP,-4.06,1.98,0.82,3.3291999999999993,6,2,1
MRK,-3.41,0.97,-0.08,0.0,1,5,0
AEE,-2.3,0.7,0.16,0.368,2,1,0
DG,4.68,0.45,-0.2,0.0,7,4,0
VST,-1.03,0.47,0.79,0.8137000000000001,2,3,0
REG,-1.97,1.25,-0.62,0.0,2,5,0
COP,-1.06,0.6,-0.65,0.0,4,1,0
CMG,-4.29,1.26,0.79,3.3891,0,2,1
LW,-0.2,1.02,0.6,0.12,8,3,1
GNRC,1.7,0.69,0.5,0.0,3,2,1
GD,0.38,1.8,0.44,0.0,9,3,0
EFX,1.7,0.51,0.79,0.0,1,2,1
MOS,-2.34,0.17,-0.79,0.0,6,5,0
MSFT,0.52,0.35,0.68,0.0,5,2,1
CINF,-3.12,1.1,-0.31,0.0,8,4,0
GILD,2.69,0.35,-0.04,0.0,3,2,1
SCHW,4.17,1.7,0.13,0.0,9,1,0
VMC,1.42,0.86,0.22,0.0,7,3,1
PNR,0.06,1.06,-0.53,0.0,5,5,1
STLD,-0.92,0.69,-0.68,0.0,7,1,0
AEP,0.1,0.58,-0.18,0.0,3,2,1
VTR,1.59,1.07,-0.99,0.0,5,1,1
FDS,3.59,0.96,0.64,0.0,1,3,1
HWM,-3.34,1.27,0.54,1.8036,5,2,0
TEL,-1.53,0.1,0.02,0.030600000000000002,0,4,0
MU,0.52,0.55,-0.42,0.0,4,3,0
PGR,-0.4,1.24,0.19,0.07600000000000001,5,2,0
EBAY,4.13,0.03,0.1,0.0,1,5,1
TSCO,-1.17,1.13,-0.72,0.0,8,1,0
Q,-0.14,0.49,0.21,0.029400000000000003,2,1,1
INTU,0.9,1.32,-0.18,0.0,4,3,0
HCA,0.17,0.92,0.15,0.0,7,3,1
PYPL,-1.19,1.29,-0.67,0.0,4,5,0
ROL,1.09,1.52,0.05,0.0,3,1,0
NUE,-0.54,1.47,0.63,0.3402,6,3,0
TPR,1.42,2.1,-0.12,0.0,0,1,0
KR,-2.42,0.19,0.06,0.1452,4,3,0
HLT,-4.58,1.72,-0.33,0.0,2,2,0
LW,0.68,0.79,0.24,0.0,3,3,1
DUK,-0.97,1.2,-0.38,0.0,4,3,0
DLTR,3.02,1.2,0.75,0.0,0,5,1
HOOD,-0.54,0.51,0.59,0.3186,4,5,0
UPS,1.51,0.54,0.44,0.0,2,3,1
FTNT,3.41,1.26,0.2,0.0,3,3,0
BDX,-0.22,1.16,-0.55,0.0,6,2,0
MCK,0.36,2.32,0.22,0.0,7,4,0
GNRC,-1.75,1.1,0.84,1.47,4,5,1
SYF,-1.58,1.24,0.15,0.237,9,1,0
ROK,3.19,0.74,0.87,0.0,5,3,1
WTW,-1.98,0.94,0.97,1.9205999999999999,3,1,0
AVGO,-2.47,0.45,-0.55,0.0,4,1,0
IBKR,-1.59,1.33,0.58,0.9222,9,1,0
WRB,-0.42,0.53,0.73,0.3066,5,2,1
SBUX,-3.11,0.39,0.84,2.6123999999999996,2,1,0
BSX,-5.39,0.97,0.83,4.473699999999999,0,5,1
AFL,3.7,1.56,-0.97,0.0,4,1,1
ISRG,-0.54,0.45,-0.83,0.0,7,1,0
RVTY,-2.12,0.44,-0.21,0.0,2,3,0
SMCI,-1.13,1.56,-0.06,0.0,0,5,0
NWS,2.17,0.8,0.17,0.0,0,3,1
MSI,2.78,0.33,-0.12,0.0,1,3,0
ACN,-0.69,0.81,0.72,0.49679999999999996,6,3,1
CRL,-2.82,0.61,0.29,0.8177999999999999,0,4,0
SYF,2.44,0.09,-0.49,0.0,6,3,0
TMO,5.14,1.07,-0.32,0.0,4,3,0
KEY,0.29,1.49,0.44,0.0,2,3,1
YUM,-0.55,0.47,-0.35,0.0,1,2,0
LYV,-3.34,1.88,0.79,2.6386,4,4,1
IR,2.01,0.75,-0.27,0.0,6,4,0
HAL,-0.95,1.51,0.55,0.5225,8,2,0
NI,-0.73,1.24,0.95,0.6935,7,1,0
HD,-0.08,1.55,0.79,0.0632,0,2,0
Q,4.31,1.34,-0.48,0.0,5,3,1
COR,-2.09,0.89,0.8,1.672,1,5,0
NDSN,0.39,0.51,-0.45,0.0,0,5,1
WEC,2.06,1.24,-0.59,0.0,9,5,1
JBL,-1.8,0.55,0.46,0.8280000000000001,1,4,1
PEP,-0.2,2.15,0.15,0.03,0,2,1
CHRW,2.81,0.75,-0.16,0.0,1,4,0
FIS,0.29,0.89,-0.86,0.0,7,3,0
MSCI,2.68,0.56,-0.41,0.0,2,2,1
D,1.04,0.94,-0.73,0.0,7,1,0
GM,0.6,0.14,-0.68,0.0,3,3,1
HRL,0.75,0.48,-0.05,0.0,8,1,0
SW,-2.09,0.11,0.41,0.8568999999999999,7,2,1
ABBV,-1.59,0.96,-0.84,0.0,2,2,0
ADSK,-0.62,0.67,0.61,0.3782,0,5,1
MO,1.33,1.51,0.04,0.0,7,3,0
CMCSA,1.63,1.31,0.32,0.0,5,1,1
PWR,0.53,1.37,0.39,0.0,8,5,1
WDAY,-0.62,1.06,0.18,0.11159999999999999,0,2,0
VMC,1.64,1.07,-0.93,0.0,4,1,0
UPS,-0.39,0.92,-0.16,0.0,1,4,0
HAL,-0.93,1.44,0.66,0.6138,0,3,0
GRMN,-1.71,2.37,0.77,1.3167,7,2,1
LLY,-0.52,1.07,-0.37,0.0,0,4,0
INCY,-1.3,1.52,0.25,0.325,9,4,0
BF-B,0.16,1.53,0.88,0.0,2,3,1
ETN,-1.03,1.7,-0.04,0.0,8,4,0
MOS,-3.36,0.12,0.48,1.6127999999999998,0,3,1
RTX,-3.72,0.85,0.71,2.6412,1,5,0
UNH,-0.07,1.12,-0.23,0.0,7,4,0
OMC,1.97,0.89,0.89,0.0,1,1,1
INCY,-0.19,1.03,-0.2,0.0,5,5,1
MLM,-0.26,0.75,-0.93,0.0,9,3,1
ATO,0.94,1.25,0.26,0.0,6,1,1
TYL,5.0,1.23,0.05,0.0,9,3,0
NEM,1.59,1.52,-0.69,0.0,2,5,0
IBKR,0.41,0.24,0.19,0.0,4,2,0
SOLS,-4.49,0.56,-0.45,0.0,8,3,0
PEG,1.09,1.54,0.1,0.0,1,4,1
EW,-2.76,0.63,0.45,1.242,9,2,0
DUK,-1.04,1.11,0.7,0.728,7,5,1
SJM,5.05,0.73,0.65,0.0,7,2,1
NVDA,2.21,1.07,0.47,0.0,7,3,1
ANET,-0.76,1.27,-0.69,0.0,8,5,0
COIN,1.0,1.43,0.36,0.0,5,4,1
AKAM,-0.33,1.07,-0.33,0.0,6,2,0
NDSN,0.84,1.2,0.01,0.0,6,2,1
PFG,1.64,0.26,0.96,0.0,0,2,1
A,1.29,2.08,0.56,0.0,5,3,1
DAY,0.5,1.79,0.93,0.0,4,5,0
EXE,-1.11,1.25,0.54,0.5994,3,3,1
GS,0.98,0.7,0.42,0.0,5,1,1
BF-B,-1.17,1.96,0.3,0.351,3,5,1
PPL,-1.26,0.92,0.64,0.8064,2,3,1
CBOE,-1.11,1.94,-0.45,0.0,3,1,0
NOW,2.6,1.05,-0.4,0.0,1,4,1
LII,-2.56,1.44,0.9,2.3040000000000003,7,4,1
CAH,0.86,1.12,0.71,0.0,3,3,1
FAST,1.8,0.9,-0.54,0.0,2,1,1
IDXX,-2.5,1.72,0.73,1.825,7,4,0
MA,0.54,0.88,0.55,0.0,1,4,1
LDOS,1.03,0.87,0.94,0.0,3,1,1
CCI,-2.85,1.3,0.12,0.34199999999999997,8,4,1
KR,0.26,0.66,-0.46,0.0,7,3,1
HON,3.93,0.81,-0.21,0.0,5,3,1
RSG,1.57,1.21,0.56,0.0,7,3,1
NKE,-1.93,0.98,-0.52,0.0,8,4,0
XOM,1.05,1.89,-0.98,0.0,0,2,0
GOOGL,2.05,1.05,-0.83,0.0,3,2,0
INTU,-2.0,0.86,0.14,0.28,9,2,0
CMG,0.7,1.07,-0.75,0.0,5,1,0
CEG,3.62,1.18,0.74,0.0,1,4,1
EIX,-1.16,1.54,0.63,0.7308,6,3,1
BF-B,0.23,1.48,0.63,0.0,9,3,1
PANW,3.37,0.77,0.19,0.0,8,5,0
VLO,-3.12,1.53,-0.06,0.0,7,5,1
TROW,1.24,1.56,-0.0,0.0,1,2,1
DAY,-2.62,1.6,0.08,0.2096,2,4,1
STX,1.23,0.49,-0.86,0.0,0,4,0
DRI,2.26,0.86,0.26,0.0,3,4,1
NEM,-3.12,2.0,0.45,1.4040000000000001,3,2,1
FITB,2.63,1.22,0.31,0.0,2,3,1
DASH,-1.78,0.32,-0.23,0.0,1,5,0
WY,-1.25,1.2,0.43,0.5375,6,2,1
BXP,0.65,0.85,-0.02,0.0,5,4,1
EVRG,3.22,0.18,0.16,0.0,3,2,0
SBUX,0.54,0.64,-0.38,0.0,1,3,1
MLM,-2.59,1.58,0.55,1.4245,7,4,1
HIG,-0.09,1.24,-0.53,0.0,2,2,0
PAYX,3.9,0.71,-0.71,0.0,4,4,1
MET,1.18,1.06,-0.49,0.0,5,4,1
BIIB,2.81,0.2,-0.29,0.0,4,1,0
PFE,0.76,1.22,0.17,0.0,5,4,0
CTAS,-1.03,1.02,0.97,0.9991,8,5,0
WFC,-0.26,0.48,0.87,0.2262,4,1,0
PFG,-1.18,1.0,-0.7,0.0,4,2,0
PWR,0.28,1.23,0.74,0.0,7,3,0
EFX,4.18,0.93,-0.72,0.0,3,2,1
STE,1.23,0.47,0.94,0.0,0,5,1
BG,2.15,0.92,-0.65,0.0,1,1,1
IR,-0.06,2.0,0.24,0.0144,7,1,0
FRT,2.21,1.59,-0.57,0.0,4,5,0
DASH,-3.7,1.47,-0.68,0.0,5,1,0
CFG,-0.67,1.1,-0.42,0.0,3,2,0
D,-3.37,0.53,0.34,1.1458000000000002,5,2,1
IDXX,1.44,1.32,-0.13,0.0,0,1,0
UDR,2.22,0.27,0.22,0.0,4,3,1
LULU,-1.98,0.08,-0.52,0.0,0,3,0
SNPS,3.28,1.5,0.24,0.0,8,3,1
FDX,1.24,1.03,0.69,0.0,4,5,1
MLM,-2.31,0.23,-0.2,0.0,4,4,0
WAT,-4.83,0.73,0.1,0.48300000000000004,1,4,1
PRU,1.52,1.14,-0.51,0.0,2,4,1
PNW,-0.38,1.28,-0.8,0.0,3,5,0
ORLY,-1.98,0.45,0.61,1.2078,2,2,0
EOG,3.03,1.39,-0.45,0.0,3,2,1
PHM,-0.27,0.92,0.36,0.09720000000000001,9,5,0
KEYS,-1.16,0.55,0.59,0.6843999999999999,9,4,1
GILD,-1.65,0.92,0.63,1.0394999999999999,7,5,0
CHRW,0.94,1.07,0.2,0.0,5,5,1
MHK,-0.57,1.2,-0.58,0.0,9,2,0
VLTO,1.48,0.87,0.54,0.0,0,2,1
LHX,-1.71,0.47,0.46,0.7866,3,4,0
AMZN,2.06,1.28,0.53,0.0,9,1,1
MMC,-2.28,0.87,-0.53,0.0,1,1,0
MMM,-0.37,0.94,-0.95,0.0,2,4,0
HIG,1.12,0.41,-0.49,0.0,8,1,0
IP,-1.61,1.82,-0.14,0.0,6,1,1
CRWD,1.14,1.81,-0.45,0.0,3,5,1
POOL,-2.2,0.64,-0.29,0.0,3,5,0
ON,-1.52,1.02,0.6,0.9119999999999999,4,2,1
HPQ,-2.19,1.37,-0.09,0.0,5,2,0
NTAP,3.35,1.21,-0.07,0.0,7,4,1
GD,2.62,1.35,-0.66,0.0,9,1,0
GOOG,-4.67,0.75,-0.76,0.0,2,5,0
EXPE,1.73,1.38,-0.51,0.0,4,4,1
FIS,-1.5,1.11,0.51,0.765,0,5,1
CARR,1.01,1.29,0.42,0.0,3,1,1
CMS,-1.36,0.41,-0.24,0.0,1,3,0
TSCO,0.12,0.19,0.65,0.0,6,2,1
BSX,0.78,2.25,0.84,0.0,5,4,1
HIG,-0.77,1.23,0.86,0.6622,9,2,0
NTRS,2.95,1.54,0.06,0.0,5,3,0
TER,-1.34,1.5,-0.84,0.0,4,3,0
IP,1.07,0.55,-0.31,0.0,3,2,0
MSI,2.17,1.24,-0.73,0.0,5,1,0
HSY,-0.05,1.41,0.21,0.0105,5,5,1
KO,0.57,0.94,0.65,0.0,4,2,1
AOS,1.02,1.03,-0.14,0.0,3,2,0
CVS,1.45,0.77,-1.0,0.0,1,4,0
NWS,-2.62,0.22,0.13,0.3406,1,2,1
AMD,-0.16,0.26,0.51,0.0816,7,1,0
TJX,-2.46,0.87,-0.85,0.0,2,4,0
MPWR,3.04,1.67,-0.54,0.0,4,4,0
EXPE,1.9,0.26,0.05,0.0,6,2,0
GPN,-2.73,0.89,-0.26,0.0,5,5,0
CSGP,0.84,0.95,-0.5,0.0,4,5,0
ZBH,-1.09,1.2,0.07,0.0763,0,5,0
DUK,-0.03,1.29,-0.78,0.0,4,4,1
VTR,-1.37,0.77,-0.75,0.0,1,4,0
PHM,1.46,0.38,0.62,0.0,3,5,1
MRNA,2.94,0.9,0.78,0.0,8,1,1
AVGO,0.93,1.08,0.62,0.0,0,2,1
KDP,-0.18,1.08,0.56,0.1008,6,2,1
VICI,-1.9,0.08,-0.55,0.0,0,4,0
ULTA,2.02,0.93,-0.79,0.0,0,5,0
ROP,1.59,1.61,0.6,0.0,2,1,1
ITW,-2.69,0.51,-0.3,0.0,2,3,0
URI,-0.9,0.78,-0.8,0.0,5,2,0
DHI,1.21,1.66,-0.24,0.0,1,3,0
VTRS,0.56,0.54,0.55,0.0,8,1,1
MU,-1.17,1.02,0.94,1.0997999999999999,4,4,0
ANET,2.91,1.9,0.5,0.0,1,3,1
WELL,-1.66,1.1,-0.25,0.0,9,1,0
NOC,-1.02,0.62,0.86,0.8772,2,1,1
MCK,-2.68,1.46,0.63,1.6884000000000001,6,1,1
ARE,0.6,0.17,0.27,0.0,4,4,1
LVS,-0.29,0.82,0.51,0.1479,8,4,1
NCLH,0.8,0.67,0.64,0.0,2,4,1
GOOGL,0.62,1.85,0.18,0.0,7,3,1
A,1.13,0.12,0.38,0.0,6,4,1
DGX,2.58,1.34,-0.68,0.0,9,2,1
CL,-0.42,0.57,0.6,0.252,8,2,1
AMGN,1.52,1.29,0.23,0.0,1,1,1
MAR,1.37,0.11,0.05,0.0,9,2,1
APTV,0.62,1.16,-0.98,0.0,8,2,0
IVZ,1.55,1.56,0.51,0.0,6,3,1
VRTX,3.45,0.8,0.77,0.0,2,2,1
AJG,-2.84,0.12,0.39,1.1076,4,2,1
NRG,-3.05,1.63,0.59,1.7994999999999999,3,1,1
DAY,-1.1,2.28,0.28,0.30800000000000005,7,5,0
TDY,3.08,2.0,0.12,0.0,7,2,0
NFLX,3.21,1.78,-0.95,0.0,2,1,0
LDOS,-1.98,1.19,0.39,0.7722,9,5,1
CBOE,0.18,1.74,-0.12,0.0,3,1,1
HUBB,-1.69,0.93,-0.56,0.0,8,4,0
IT,-1.76,0.73,0.28,0.49280000000000007,3,3,1
WST,1.7,1.44,0.9,0.0,4,1,1
ROK,0.71,1.02,-0.67,0.0,0,5,1
CAH,0.86,1.1,0.57,0.0,2,2,1
FE,-0.82,1.26,-0.25,0.0,4,4,0
CINF,-0.38,1.7,-0.03,0.0,5,2,0
KIM,0.41,0.81,-0.01,0.0,0,1,1
PANW,-0.93,0.83,-0.2,0.0,3,1,0
CMI,-0.2,0.9,-0.48,0.0,2,4,0
MPWR,-2.14,0.03,0.69,1.4766,5,4,1
NTRS,0.35,0.92,-0.91,0.0,1,2,1
SBUX,-3.9,1.39,-0.37,0.0,6,2,0
BIIB,0.7,1.84,-0.74,0.0,6,5,0
CPB,-0.22,0.7,-0.48,0.0,8,5,1
CSGP,-2.22,1.28,0.13,0.2886,2,3,0
BMY,0.16,1.17,-0.3,0.0,8,1,0
IP,-0.85,0.73,-0.5,0.0,6,1,0
MKC,-2.03,1.03,0.72,1.4615999999999998,9,3,1
SYY,0.35,0.82,0.09,0.0,5,2,0
TDG,-2.53,0.97,0.89,2.2517,8,2,1
REG,3.27,0.87,-0.42,0.0,7,4,1
COR,0.14,0.99,0.59,0.0,0,5,1
PHM,-0.97,0.52,0.51,0.4947,5,5,1
HRL,-1.95,1.23,-0.49,0.0,8,2,0
ADM,0.73,1.79,0.11,0.0,7,3,0
BRK-B,0.17,1.44,-0.0,0.0,5,4,0
EXR,-4.41,0.48,-0.81,0.0,4,3,0
TECH,-1.05,0.74,-0.81,0.0,8,4,0
PTC,-1.89,0.44,0.29,0.5480999999999999,7,2,0
APD,0.97,0.58,0.59,0.0,6,3,1
PGR,1.58,0.86,-0.66,0.0,5,1,1
EXPE,-0.85,1.04,-0.27,0.0,4,4,0
DHI,-1.72,1.57,0.98,1.6856,6,5,1
STLD,2.3,1.72,-0.67,0.0,5,2,0
MU,-2.38,0.87,-0.97,0.0,8,3,0
CDNS,3.59,1.11,0.78,0.0,4,3,1
ISRG,0.68,0.85,0.64,0.0,1,3,1
Q,0.55,1.37,-0.37,0.0,7,2,1
COF,0.27,1.06,0.05,0.0,4,4,1
NOC,-1.13,0.79,-0.3,0.0,1,2,0
EFX,-2.28,2.01,0.15,0.34199999999999997,0,5,0
TECH,0.86,1.19,-0.49,0.0,0,4,0
HRL,-0.98,1.15,-0.37,0.0,7,4,0
KR,-1.85,1.25,0.31,0.5735,0,3,0
LHX,0.25,1.97,-0.39,0.0,4,3,1
AXON,-1.01,1.72,0.52,0.5252,3,4,0
SYY,1.37,0.7,-0.88,0.0,1,3,1
V,0.55,1.33,0.12,0.0,1,4,0
MS,-1.9,0.85,-0.17,0.0,3,1,1
MMM,-0.44,1.21,0.72,0.31679999999999997,2,3,1
GOOG,1.08,1.44,0.68,0.0,6,1,1
DECK,1.78,0.74,-0.44,0.0,3,5,0
WELL,-1.82,1.05,-0.52,0.0,0,4,0
ODFL,1.6,0.19,-0.41,0.0,8,4,0
CEG,-0.71,1.4,-0.32,0.0,7,5,0
LW,-1.01,1.4,-0.14,0.0,1,5,1
LHX,-1.47,1.02,0.66,0.9702000000000001,2,4,0
WFC,0.53,1.32,0.66,0.0,7,1,1
LNT,-2.24,0.95,-0.32,0.0,3,5,0
GOOG,2.86,0.86,0.28,0.0,6,4,1
KVUE,-0.49,0.58,-0.02,0.0,5,4,0
GD,0.25,1.28,0.49,0.0,0,1,0
PFG,1.61,1.1,-0.52,0.0,9,1,1
IFF,-2.83,0.3,0.25,0.7075,2,5,0
TTD,4.97,0.65,0.07,0.0,0,1,0
HCA,-0.62,0.62,0.61,0.3782,0,2,0
KMI,0.75,0.91,-0.21,0.0,4,1,0
URI,-1.77,1.13,-0.31,0.0,6,1,0
VTRS,-0.13,0.7,0.86,0.1118,0,4,1
DTE,1.16,1.17,0.34,0.0,0,5,1
WFC,1.38,1.21,-1.0,0.0,6,1,1
EPAM,3.22,1.45,-0.77,0.0,0,4,0
HON,-1.78,0.85,-0.16,0.0,3,1,1
OTIS,1.02,0.92,0.34,0.0,8,2,1
HBAN,2.35,0.13,-0.98,0.0,1,3,1
IBKR,0.41,1.38,0.75,0.0,3,3,1
CL,0.42,1.84,0.66,0.0,7,2,0
CDW,-0.07,0.9,-0.41,0.0,0,5,0
DASH,1.6,0.9,0.62,0.0,8,1,1
HST,-0.34,0.68,0.7,0.238,3,3,1
MRNA,0.16,0.6,0.72,0.0,1,3,1
EME,4.38,0.31,0.52,0.0,6,3,1
ORLY,-3.67,1.59,0.2,0.734,3,4,0
CEG,-1.97,1.74,-0.67,0.0,4,4,0
MTD,-0.31,1.22,0.03,0.0093,1,4,1
TSN,0.87,1.66,-0.8,0.0,4,2,0
LKQ,0.54,1.58,0.12,0.0,3,1,0
BKR,-0.09,0.43,-0.94,0.0,2,3,1
ISRG,-3.53,0.27,-0.37,0.0,4,2,0
KEYS,-0.19,1.11,0.78,0.1482,3,2,1
JKHY,-3.08,0.26,-0.32,0.0,3,5,0
ISRG,0.37,0.41,0.08,0.0,5,5,0
WRB,-0.44,1.61,-0.4,0.0,2,2,1
LRCX,-0.34,0.76,-0.46,0.0,6,4,1
ULTA,1.92,0.09,-0.72,0.0,2,5,1
HST,-0.41,2.17,-0.2,0.0,0,3,1
DE,0.58,1.45,0.14,0.0,9,3,0
CHD,-0.9,0.36,-0.92,0.0,0,5,0
VTR,-3.05,1.12,0.93,2.8365,4,2,0
FAST,0.53,1.88,0.74,0.0,4,3,1
PGR,-1.36,1.04,0.36,0.48960000000000004,8,2,1
MO,0.75,0.99,-0.03,0.0,5,2,1
KVUE,6.51,0.38,0.13,0.0,6,3,1
FDX,-4.27,2.57,0.15,0.6405,2,5,0
STT,-0.11,1.14,0.66,0.0726,3,5,1
MSCI,0.33,1.0,-0.88,0.0,0,1,0
GE,1.19,0.47,0.25,0.0,6,2,1
ROL,3.91,0.88,0.45,0.0,5,2,1
AES,-0.82,0.63,-0.28,0.0,1,1,0
CAT,-1.79,0.66,0.91,1.6289,2,3,0
USB,-0.25,0.82,0.27,0.0675,4,5,0
ISRG,1.6,1.38,0.32,0.0,0,4,1
DLTR,-1.24,1.16,-0.2,0.0,1,4,1
INTC,-1.35,0.93,-0.3,0.0,2,4,0
AMD,3.45,1.34,-0.99,0.0,2,3,0
NRG,0.78,1.4,-0.77,0.0,1,2,1
NVR,-0.27,0.19,-0.71,0.0,9,5,1
FITB,-2.2,1.32,0.73,1.606,2,3,0
LRCX,0.12,0.83,0.68,0.0,0,1,0
UHS,-0.81,0.31,0.52,0.4212,0,2,1
WEC,3.6,1.62,-0.86,0.0,1,2,0
LIN,1.69,1.28,0.61,0.0,5,4,1
DAL,0.78,0.75,-0.46,0.0,6,2,0
LULU,0.67,0.53,-0.89,0.0,0,1,1
DG,0.0,1.0,-0.91,0.0,5,1,1
OXY,-1.72,1.56,-0.8,0.0,0,3,0
WSM,1.46,0.76,-0.37,0.0,3,2,0
AWK,-0.32,1.47,0.82,0.26239999999999997,7,4,0
IBM,-1.5,1.17,-0.92,0.0,0,4,0
OXY,2.85,1.46,-0.99,0.0,6,5,0
CI,1.93,1.62,0.93,0.0,0,4,1
CAH,-2.11,1.53,-0.79,0.0,2,3,0
PAYX,-0.88,1.07,-0.28,0.0,6,4,0
URI,-0.15,1.56,-0.78,0.0,2,4,1
BAC,0.44,0.34,-0.17,0.0,1,1,0
CL,-0.74,2.05,0.76,0.5624,0,4,1
ICE,1.94,1.8,-0.41,0.0,7,4,1
O,-1.74,1.56,0.29,0.5045999999999999,4,4,0
IT,-1.8,1.32,0.78,1.4040000000000001,2,5,0
DHR,-3.49,1.06,0.67,2.3383000000000003,4,2,0
WYNN,-0.44,0.32,-0.19,0.0,0,4,0
SBAC,-0.15,1.01,-0.07,0.0,3,2,0
NDSN,4.04,1.11,-0.38,0.0,0,4,1
TXT,-0.48,1.1,-0.47,0.0,4,1,0
TTD,0.2,1.77,-0.3,0.0,4,4,1
AEP,2.06,1.07,0.35,0.0,7,1,1
MCK,-3.1,1.39,-0.59,0.0,3,3,0
TTWO,0.62,1.07,0.21,0.0,6,4,1
UHS,0.04,1.12,0.93,0.0,5,1,0
AON,1.32,0.57,0.24,0.0,8,2,1
JCI,-0.92,1.43,-0.45,0.0,4,4,0
NXPI,3.16,0.49,-0.48,0.0,0,4,1
HUM,2.49,0.55,0.08,0.0,8,2,1
PM,0.9,1.1,-0.01,0.0,8,3,0
EPAM,-0.2,0.73,-0.4,0.0,1,5,0
NOC,1.31,1.09,0.52,0.0,9,5,1
TSCO,4.58,0.22,0.73,0.0,7,4,1
KR,0.6,1.34,-0.73,0.0,1,3,0
CPRT,3.23,0.45,-0.78,0.0,3,3,1
MSFT,-5.18,0.98,0.91,4.7138,8,4,1
LNT,-0.85,0.19,0.19,0.1615,6,2,0
MMM,0.85,1.01,0.51,0.0,9,4,1
MNST,1.44,0.35,0.33,0.0,3,2,1
JNJ,-0.01,1.78,-0.98,0.0,9,4,1
ORCL,1.24,0.9,-0.54,0.0,4,2,0
ABBV,1.76,0.77,0.46,0.0,5,5,1
IEX,-1.11,0.27,0.79,0.8769000000000001,9,4,1
KHC,-1.52,0.22,0.84,1.2768,2,1,0
MSFT,-2.69,0.2,0.51,1.3719,2,3,1
UNP,0.2,1.29,-0.29,0.0,1,5,1
CPB,0.81,0.21,-0.28,0.0,3,1,0
OKE,-1.42,0.7,0.84,1.1927999999999999,3,2,1
TYL,0.97,1.33,-0.54,0.0,0,1,0
C,0.88,0.57,-0.55,0.0,3,5,1
DHR,0.98,1.85,-0.14,0.0,9,3,1
SYF,-1.8,0.33,0.79,1.4220000000000002,6,2,1
TXT,-0.38,1.46,0.56,0.21280000000000002,9,4,0
LW,-2.9,0.99,0.18,0.522,8,3,1
TEL,-0.86,1.04,0.27,0.23220000000000002,3,2,1
PGR,0.02,1.35,-0.18,0.0,7,3,0
HUBB,-0.96,1.48,0.39,0.3744,7,2,0
MDLZ,0.13,1.66,-0.07,0.0,4,4,0
GS,-1.01,0.96,-0.74,0.0,8,1,0
DHR,-1.3,1.07,-0.28,0.0,8,2,0
APA,-1.16,0.71,-0.98,0.0,3,3,0
EA,-1.19,0.52,0.46,0.5474,3,1,0
BKR,-0.5,1.57,-0.39,0.0,4,1,0
HRL,-1.71,0.54,-0.75,0.0,5,4,0
PTC,2.92,0.14,0.32,0.0,6,2,1
ORLY,-1.66,1.26,0.56,0.9296000000000001,8,1,1
BALL,1.3,0.25,-0.41,0.0,8,3,0
C,-0.77,1.13,0.03,0.0231,8,3,1
LDOS,1.21,0.91,0.66,0.0,7,3,1
HAL,-0.55,1.11,-0.75,0.0,8,1,0
EXR,-0.74,0.77,0.33,0.2442,4,3,1
CRWD,0.62,0.78,0.34,0.0,6,1,1
COST,-0.37,0.02,0.01,0.0037,3,2,0
CSX,0.51,0.84,0.23,0.0,1,5,1
DG,0.26,0.55,0.0,0.0,5,1,0
ETR,4.58,1.96,-0.14,0.0,4,3,0
MPC,-2.07,0.98,0.92,1.9043999999999999,2,3,0
ADI,-1.99,0.86,0.73,1.4526999999999999,3,4,1
AZO,-2.98,1.51,0.63,1.8774,8,5,1
NTRS,-0.41,0.76,0.87,0.35669999999999996,1,3,1
HUBB,-2.69,1.34,-0.67,0.0,0,1,0
LW,-0.11,0.88,-0.62,0.0,0,1,0
WDC,2.02,0.91,0.21,0.0,7,3,1
EXPE,-1.35,0.88,-0.33,0.0,5,5,0
RMD,0.33,0.98,0.57,0.0,6,3,1
WELL,0.95,1.67,0.98,0.0,7,2,1
MMC,-0.05,0.87,0.95,0.0475,1,2,0
EL,-0.46,0.54,0.48,0.2208,9,4,0
IVZ,-3.69,0.54,-0.2,0.0,2,2,1
ALB,3.41,1.06,0.26,0.0,7,2,1
SHW,-1.63,1.22,0.19,0.3097,5,4,1
DTE,-1.09,0.86,0.2,0.21800000000000003,3,3,1
RL,-2.6,1.41,-0.97,0.0,2,3,0
WDC,2.38,1.51,0.22,0.0,8,3,1
PSX,1.31,0.23,0.73,0.0,0,3,1
EXE,-0.43,1.14,0.18,0.0774,1,1,1
FOX,0.28,0.75,-0.23,0.0,6,1,1
VLTO,1.4,1.03,-0.56,0.0,8,5,1
FTNT,2.85,1.35,-0.57,0.0,5,1,1
TGT,3.4,0.99,-0.35,0.0,3,3,0
BALL,0.52,1.15,0.03,0.0,9,3,0
SOLS,3.5,1.69,0.28,0.0,9,2,1
NCLH,-1.01,1.13,-0.6,0.0,6,4,0
XEL,-1.4,0.56,-0.5,0.0,7,3,0
CHRW,3.41,0.85,0.21,0.0,1,2,1
HUM,-0.54,1.45,-0.01,0.0,7,3,1
RJF,2.83,1.34,0.48,0.0,7,3,1
META,-0.79,1.73,-0.59,0.0,8,1,0
AEE,-0.84,1.68,0.75,0.63,5,2,1
ALL,6.52,0.97,-0.71,0.0,1,2,0
GWW,3.0,1.0,0.2,0.0,3,5,0
KKR,-0.95,0.98,-0.58,0.0,0,3,0
NKE,3.5,0.49,-0.48,0.0,5,5,0
FOX,1.09,0.48,0.76,0.0,3,3,1
CCL,-0.66,0.69,-0.38,0.0,7,2,0
TTWO,-4.29,1.27,-0.29,0.0,3,1,0
JBL,-0.99,1.28,0.62,0.6138,4,4,1
WDAY,-2.77,1.72,-0.46,0.0,0,1,0
MDLZ,-0.46,0.57,0.11,0.0506,2,1,1
AVY,0.84,1.42,0.68,0.0,6,3,1
JCI,-0.43,0.98,-0.41,0.0,4,5,1
IQV,-1.53,1.74,-0.02,0.0,0,5,1
CNP,1.95,1.46,0.03,0.0,5,1,1
MMC,-1.98,0.11,0.46,0.9108,2,2,0
GRMN,-1.56,0.86,-0.56,0.0,8,2,0
WM,-2.84,1.3,-0.88,0.0,5,3,0
OTIS,2.4,0.61,0.14,0.0,8,1,0
EVRG,2.68,0.17,0.39,0.0,9,1,1
TKO,-1.24,0.47,0.09,0.11159999999999999,0,2,0
AZO,-0.08,1.97,0.87,0.0696,6,2,0
AVB,-2.03,1.02,0.53,1.0758999999999999,2,2,0
MTD,-5.37,1.13,-0.96,0.0,0,3,0
CEG,-0.09,0.62,0.12,0.010799999999999999,4,3,0
EXPE,-2.19,1.42,-0.98,0.0,8,1,0
SHW,2.13,0.95,-0.59,0.0,2,1,0
TXT,2.09,2.56,0.64,0.0,8,5,1
DOW,-0.65,0.99,-0.18,0.0,8,2,0
FITB,-0.09,1.03,-0.87,0.0,5,4,0
EXE,1.14,0.63,0.7,0.0,3,1,1
FDX,-0.07,1.18,0.03,0.0021000000000000003,5,4,1
WYNN,-2.16,0.66,-0.3,0.0,7,3,0
TYL,-1.77,1.73,-0.26,0.0,9,3,0
IEX,-0.37,1.33,0.66,0.2442,0,1,1
VRTX,0.54,1.76,-0.87,0.0,7,1,1
IEX,2.79,1.21,0.5,0.0,6,2,1
WRB,1.34,0.54,-0.23,0.0,8,4,0
NUE,-2.2,0.82,-0.48,0.0,2,5,0
IDXX,1.57,1.16,0.16,0.0,5,2,0
LYV,-1.5,0.15,0.43,0.645,7,3,1
UNH,0.78,0.39,0.72,0.0,9,4,1
LIN,0.76,1.8,0.17,0.0,1,4,0
IEX,-3.64,0.04,0.92,3.3488,0,1,1
BRK-B,0.2,0.97,0.27,0.0,0,5,1
DOW,-0.29,1.65,-0.44,0.0,3,2,1
KEYS,2.09,1.27,0.56,0.0,6,4,1
DGX,1.48,1.41,-0.7,0.0,7,1,1
GNRC,-3.4,0.87,-0.17,0.0,2,5,1
CTSH,1.96,1.18,0.57,0.0,8,3,1
AVGO,3.45,1.05,-0.13,0.0,5,2,1
EG,-0.94,1.32,0.15,0.141,5,3,1
EBAY,1.51,1.31,0.72,0.0,2,5,1
ZTS,0.34,0.97,0.78,0.0,4,3,1
EXC,-0.38,0.98,-0.84,0.0,4,3,1
PYPL,0.48,1.24,-0.38,0.0,6,3,0
EFX,-3.5,0.24,-0.22,0.0,3,5,0
CAG,2.69,1.4,0.35,0.0,8,4,1
NXPI,2.11,1.1,-0.24,0.0,1,4,1
MSCI,-2.94,1.07,0.99,2.9106,1,4,0
ATO,-0.24,1.56,0.88,0.2112,1,3,0
HOLX,-2.12,1.74,0.88,1.8656000000000001,4,4,1
GDDY,3.93,1.0,0.39,0.0,8,2,1
WFC,3.22,1.18,0.62,0.0,0,4,1
EBAY,0.19,0.73,-0.09,0.0,1,4,1
TDG,-0.36,0.37,-0.09,0.0,3,3,1
GEV,0.88,1.07,0.76,0.0,1,5,1
AMP,0.89,1.52,-0.84,0.0,7,4,1
DRI,-0.93,0.92,-0.94,0.0,7,2,0
HII,0.39,0.62,0.76,0.0,6,5,0
TMUS,2.43,0.75,0.77,0.0,8,3,1
ANET,-1.21,0.68,0.38,0.4598,6,1,0
PKG,2.38,0.94,-0.88,0.0,3,4,1
ETR,0.69,1.15,0.88,0.0,2,3,1
WSM,-0.79,1.68,-0.66,0.0,3,2,0
COP,-0.98,0.86,-0.67,0.0,4,4,0
DAL,-0.12,1.24,-0.44,0.0,7,3,1
MO,-2.41,0.48,-0.53,0.0,9,4,0
ED,2.74,0.43,-0.87,0.0,4,2,1
ABBV,-0.76,1.17,-0.31,0.0,7,2,0
ABNB,1.07,1.42,0.23,0.0,4,2,1
ABNB,-2.33,1.01,0.25,0.5825,6,1,1
SPGI,0.63,0.98,-0.21,0.0,6,2,1
SOLV,-1.73,0.31,-0.62,0.0,8,2,0
BBY,2.26,1.34,0.72,0.0,6,5,1
WM,-2.37,0.75,-0.02,0.0,8,4,1
RSG,2.49,0.97,-0.28,0.0,2,2,1
KMB,0.75,0.65,-0.17,0.0,7,5,1
CSCO,3.46,1.04,0.03,0.0,5,4,0
MSFT,-1.76,1.48,-0.74,0.0,7,4,0
EQR,0.47,0.89,-0.02,0.0,5,2,0
ULTA,0.43,1.41,0.15,0.0,6,1,0
VTR,-1.39,1.4,0.88,1.2231999999999998,0,3,0
EME,0.8,1.23,-0.65,0.0,8,1,0
BRK-B,0.27,0.17,0.04,0.0,5,4,1
EQIX,1.07,1.61,0.5,0.0,5,4,1
CINF,-4.17,0.71,-0.81,0.0,9,2,0
LMT,1.4,1.09,0.57,0.0,6,5,1
AXP,3.18,0.9,-0.69,0.0,1,2,1
WTW,3.77,1.06,0.87,0.0,1,5,1
GL,-0.43,1.93,0.35,0.1505,4,1,0
CMCSA,4.82,1.11,0.82,0.0,9,4,1
GPC,-1.3,1.0,-0.93,0.0,0,1,0
SWK,2.4,0.89,-0.68,0.0,2,3,0
SPG,-3.11,0.85,-0.9,0.0,0,5,0
GEHC,0.5,0.55,-0.44,0.0,0,3,0
PH,-0.9,1.63,0.5,0.45,0,1,1
RSG,1.51,0.44,0.13,0.0,6,2,1
PLD,2.24,0.59,-0.14,0.0,7,1,0
WSM,-1.23,0.18,-0.41,0.0,4,3,0
LDOS,2.42,1.85,0.31,0.0,7,4,1
ACGL,0.66,1.27,-0.45,0.0,3,2,0
HII,3.89,0.76,0.09,0.0,3,4,1
RCL,-1.21,0.89,-0.11,0.0,0,2,1
CRM,1.99,0.77,0.87,0.0,7,2,1
AVGO,-2.19,1.15,0.94,2.0585999999999998,8,2,1
GEHC,-2.63,1.43,-0.65,0.0,7,5,0
MCK,-0.39,1.74,0.73,0.2847,9,2,0
F,-0.77,1.48,0.51,0.3927,3,1,0
APD,3.34,0.78,0.88,0.0,4,1,1
TRGP,0.45,1.13,-0.65,0.0,0,4,1
COF,-0.13,0.07,-0.4,0.0,3,1,1
HWM,1.82,1.05,-0.31,0.0,6,4,1
ATO,-1.82,1.09,0.75,1.365,7,3,0
OKE,2.79,0.02,0.89,0.0,7,3,1
CEG,-0.25,1.05,0.15,0.0375,6,5,0
GD,3.03,1.3,-0.94,0.0,6,2,1
ABNB,1.36,1.4,0.12,0.0,5,4,1
BALL,-0.13,1.23,-0.3,0.0,6,4,0
COO,0.05,0.77,-0.56,0.0,4,1,0
BEN,0.97,0.23,-0.28,0.0,4,1,1
MSCI,-0.98,1.21,-0.9,0.0,5,2,0
PODD,0.57,0.85,-0.28,0.0,5,3,1
TMUS,-1.11,0.35,0.62,0.6882,5,5,1
IBKR,-1.58,0.12,-0.39,0.0,2,4,0
TER,0.67,1.98,-0.93,0.0,4,2,1
NWSA,-2.29,0.84,0.31,0.7099,1,4,1
DHR,3.45,1.25,-0.86,0.0,6,3,1
CMCSA,2.06,1.67,-0.54,0.0,2,2,0
AXP,0.81,1.21,0.22,0.0,0,3,1
RL,-0.13,1.26,0.5,0.065,5,2,0
WFC,-3.52,1.15,-0.57,0.0,3,3,0
ATO,-0.88,0.73,0.04,0.0352,1,3,1
RSG,0.03,0.21,0.46,0.0,8,5,0
PH,-4.51,0.67,-0.37,0.0,2,2,0
IP,-0.44,0.96,0.56,0.24640000000000004,6,4,0
MPWR,1.9,0.93,0.32,0.0,5,2,1
CBRE,-0.79,0.87,0.54,0.42660000000000003,5,2,1
BG,-0.11,1.61,0.03,0.0033,4,2,1
TPR,-3.64,1.38,-0.92,0.0,2,2,0
HAS,-0.19,1.21,0.46,0.0874,4,3,0
KKR,-0.26,1.29,0.57,0.1482,9,3,1
CAG,-4.68,0.32,-0.39,0.0,8,2,0
AXP,-2.59,1.29,-0.39,0.0,6,1,0
TKO,-0.66,0.83,-0.16,0.0,8,2,0
LULU,-1.68,0.89,-0.97,0.0,2,4,0
TER,-1.16,0.89,-0.53,0.0,4,5,0
DG,-0.24,1.14,-0.47,0.0,1,4,0
MCHP,-0.78,0.31,-0.98,0.0,2,5,0
WELL,-1.38,1.52,-0.5,0.0,9,4,0
EG,1.92,0.02,-0.99,0.0,9,3,1
COO,4.86,1.65,0.5,0.0,6,4,1
CTAS,2.42,0.87,0.61,0.0,0,4,1
HIG,-0.22,0.55,-0.33,0.0,4,2,1
FTV,1.68,1.18,0.52,0.0,2,4,1
AMAT,1.0,1.92,-0.57,0.0,4,5,1
Q,-1.21,1.23,-0.7,0.0,5,4,0
PGR,-1.98,0.88,-0.66,0.0,5,4,0
EQT,-3.55,1.46,0.61,2.1654999999999998,5,5,1
WTW,-2.59,0.38,-0.38,0.0,8,3,0
D,-2.93,0.75,0.34,0.9962000000000001,8,4,1
CHD,1.96,1.26,-0.21,0.0,3,3,0
BEN,2.8,0.43,-0.46,0.0,1,5,0
AEE,1.21,1.56,0.16,0.0,2,5,1
CEG,-0.73,1.75,-0.11,0.0,1,4,0
LULU,0.02,2.05,0.29,0.0,6,5,1
EXPE,-3.34,0.73,-0.74,0.0,4,4,0
RSG,1.11,2.21,-0.49,0.0,0,1,1
INCY,-2.81,0.98,0.3,0.843,4,2,0
BAX,0.92,1.65,0.02,0.0,2,2,0
FCX,-1.04,0.86,0.93,0.9672000000000001,2,4,1
HWM,-2.01,0.83,-0.96,0.0,9,4,0
OMC,-0.32,1.2,0.32,0.1024,5,2,0
CPT,1.52,0.37,-0.58,0.0,8,4,0
HPE,-1.31,1.17,0.99,1.2969,9,1,1
PSA,-0.42,1.27,-0.07,0.0,8,2,0
ETR,-0.37,0.84,-0.94,0.0,1,1,1
KLAC,2.39,1.46,-0.01,0.0,1,1,1
DE,0.37,1.47,0.13,0.0,7,5,0
CBOE,-3.34,1.53,0.83,2.7721999999999998,5,4,0
AVB,-3.18,1.44,0.68,2.1624000000000003,3,2,1
BEN,-3.08,1.25,0.51,1.5708,4,4,0
SJM,-1.6,0.81,-0.12,0.0,5,4,0
ARE,2.33,0.38,0.11,0.0,6,4,1
KMB,-0.15,1.4,-0.0,0.0,4,5,0
OXY,0.58,1.39,-0.42,0.0,0,5,0
FITB,-1.83,1.68,-0.49,0.0,5,5,0
NTRS,0.16,1.28,0.03,0.0,5,1,0
COST,3.12,0.46,0.98,0.0,8,1,1
DVA,-1.26,0.86,-0.65,0.0,5,3,0
FFIV,2.14,1.05,0.99,0.0,2,1,1
ESS,-0.52,0.0,-0.36,0.0,1,5,0
KR,0.54,1.53,0.39,0.0,0,3,1
KO,1.69,1.6,-0.76,0.0,3,5,0
VLTO,1.56,0.69,-0.15,0.0,2,3,0
COIN,-2.36,1.22,-0.95,0.0,5,4,0
CNP,4.17,0.49,0.7,0.0,2,4,1
VTR,2.48,2.34,-0.44,0.0,6,3,1
KKR,1.84,0.62,0.3,0.0,6,3,1
BALL,2.36,2.14,-0.53,0.0,9,2,0
EXR,3.94,0.99,-0.5,0.0,5,1,1
ITW,1.67,1.12,0.62,0.0,3,3,1
XYZ,2.02,1.37,-0.33,0.0,2,5,1
COF,3.45,1.11,0.85,0.0,8,5,1
NWS,-2.05,1.62,0.35,0.7174999999999999,0,2,0
SJM,1.36,0.93,-0.5,0.0,6,2,0
STT,0.86,1.04,-0.24,0.0,5,5,0
NWS,0.16,0.06,-0.68,0.0,0,3,0
DRI,-4.13,0.66,-0.2,0.0,7,1,1
IBKR,-3.59,0.32,0.32,1.1488,5,4,1
WAB,-1.94,0.12,-0.17,0.0,6,1,1
PEG,4.89,0.73,0.16,0.0,5,3,1
AMGN,-1.67,0.82,-0.22,0.0,1,4,0
BXP,-1.68,1.34,-0.88,0.0,0,2,0
EQIX,0.43,1.51,-0.31,0.0,2,4,1
ZBH,-1.63,1.04,0.13,0.2119,8,2,0
MMC,2.12,1.08,-0.26,0.0,4,1,1
SWKS,-3.98,1.13,-0.06,0.0,8,4,0
HAS,-1.25,0.5,0.58,0.725,3,2,1
EXC,-1.93,0.69,0.36,0.6948,9,2,1
ESS,0.87,0.27,0.16,0.0,4,1,1
GPN,1.06,1.64,-0.32,0.0,5,5,1
VMC,-3.86,1.44,0.22,0.8492,6,5,0
JCI,-0.35,0.32,0.5,0.175,9,1,1
DOV,-0.85,1.24,-0.12,0.0,1,4,1
AMT,2.28,0.72,0.11,0.0,5,2,1
OTIS,0.93,1.67,-0.17,0.0,6,4,0
FE,-0.47,0.98,-0.04,0.0,9,5,0
PODD,0.87,1.21,0.58,0.0,4,3,1
NDSN,1.39,0.43,-0.84,0.0,2,3,0
EXC,-1.72,1.41,0.2,0.34400000000000003,5,5,1
HST,-1.66,0.69,-0.05,0.0,2,5,1
AVB,0.1,0.79,0.04,0.0,2,1,0
MTB,1.09,1.03,-0.9,0.0,6,2,0
NUE,0.35,0.33,0.29,0.0,0,2,0
CDW,-0.91,0.89,-0.66,0.0,0,4,0
XYZ,0.1,0.47,-0.51,0.0,8,3,1
GEN,2.21,1.46,-0.91,0.0,1,3,1
NOC,-2.23,1.89,-0.02,0.0,7,4,1
VTRS,-0.7,1.03,0.98,0.6859999999999999,2,2,0
D,3.06,1.33,-0.37,0.0,4,1,1
FOXA,0.28,0.74,-0.58,0.0,9,5,1
TER,1.63,0.98,-0.85,0.0,1,1,1
DXCM,1.98,1.21,-0.35,0.0,9,5,0
FDX,-1.0,0.31,-0.18,0.0,6,3,0
PEG,2.44,0.56,-0.16,0.0,0,3,0
MCD,-1.52,1.02,-0.64,0.0,4,2,0
RL,0.61,1.39,-0.08,0.0,5,5,0
VTRS,2.28,1.99,-0.88,0.0,2,4,1
FICO,1.02,1.82,-0.13,0.0,4,1,1
ROL,-3.51,0.45,-0.39,0.0,6,3,0
WTW,1.47,1.83,0.88,0.0,1,1,1
AXP,-2.21,1.29,-0.37,0.0,1,3,0
HUBB,-1.07,1.36,-0.05,0.0,3,3,0
BK,1.76,0.46,0.13,0.0,4,2,0
LNT,-2.2,1.02,-0.12,0.0,3,5,1
DXCM,-1.86,1.28,-0.36,0.0,8,3,0
MOH,1.99,0.55,-0.95,0.0,1,3,0
MLM,-0.23,0.35,-0.82,0.0,1,1,0
HSY,-1.78,0.84,-0.49,0.0,0,4,0
PLD,-0.09,0.11,-0.76,0.0,1,1,0
PWR,2.04,0.26,0.62,0.0,8,3,1
SYK,-1.65,0.41,-0.67,0.0,7,2,0
INTC,1.05,0.08,0.18,0.0,9,1,1
PLD,0.14,0.35,-0.57,0.0,7,4,1
WELL,2.46,0.18,-0.23,0.0,7,1,1
CTAS,-2.23,0.48,-0.47,0.0,2,1,0
KO,-0.21,1.5,0.13,0.0273,1,2,0
ABNB,-1.67,1.34,-0.73,0.0,2,1,0
TMO,-0.79,0.32,-0.29,0.0,7,1,0
TSN,-1.56,1.54,-0.18,0.0,6,5,1
NRG,-0.36,1.2,0.56,0.2016,6,1,0
DD,-0.89,0.55,-0.89,0.0,1,1,0
WYNN,1.06,1.81,-0.59,0.0,5,3,0
DIS,-1.37,0.11,0.29,0.3973,4,3,0
NDAQ,1.64,1.02,0.62,0.0,8,4,1
IR,-1.26,1.53,0.53,0.6678000000000001,0,3,0
GPC,-0.25,1.23,-0.32,0.0,8,3,0
TJX,-1.62,0.44,0.62,1.0044,9,1,0
AMZN,1.57,0.78,0.71,0.0,1,4,1
APP,0.89,0.59,0.89,0.0,8,1,1
SWK,-2.28,1.36,-0.51,0.0,1,4,0
APP,0.75,1.16,-0.73,0.0,9,5,1
NDAQ,-2.19,1.38,0.89,1.9491,2,4,1
BR,1.89,0.65,0.61,0.0,0,5,1
EQIX,1.69,1.58,-0.5,0.0,2,5,0
TDG,0.15,0.92,-0.05,0.0,5,4,1
FIS,1.01,0.76,0.35,0.0,0,2,1
CMCSA,2.92,0.08,-0.38,0.0,0,3,0
IT,-1.53,0.2,0.41,0.6273,0,4,0
ALGN,-1.14,1.17,-0.18,0.0,1,3,0
MSCI,2.13,1.73,-0.46,0.0,2,5,1
EXC,1.99,0.64,-0.21,0.0,3,1,0
LKQ,0.38,0.16,-0.66,0.0,1,5,1
INTU,-1.34,0.94,-0.21,0.0,1,1,0
RL,2.15,0.93,0.06,0.0,3,5,0
WAB,2.48,0.83,0.79,0.0,1,2,1
V,-1.68,1.2,-0.45,0.0,6,2,0
BALL,0.4,1.27,0.49,0.0,0,1,0
AJG,1.59,0.94,-0.31,0.0,8,5,1
IFF,-0.74,0.33,-0.56,0.0,8,3,0
BIIB,-1.43,1.26,-0.76,0.0,0,2,0
RL,-1.85,1.38,0.41,0.7585,3,4,0
UDR,-0.17,0.97,0.49,0.0833,0,4,1
SHW,1.54,0.59,0.84,0.0,1,2,1
CF,2.51,0.78,-0.32,0.0,4,3,1
MA,0.21,2.02,0.72,0.0,6,3,1
LVS,0.07,0.75,-0.92,0.0,6,2,1
PWR,0.5,0.19,0.98,0.0,3,2,0
APO,0.58,0.72,-0.31,0.0,9,3,0
AIG,0.23,0.44,-0.63,0.0,5,1,0
GPN,-1.32,0.17,-0.25,0.0,5,3,0
HOLX,-0.03,1.46,-0.34,0.0,1,1,0
IBKR,-2.11,0.47,-0.36,0.0,8,3,0
ADSK,-1.78,1.16,-0.86,0.0,2,2,0
HST,0.97,0.77,0.09,0.0,4,1,0
COF,-0.41,1.11,0.71,0.29109999999999997,7,2,0
PEP,3.14,1.03,0.87,0.0,0,1,1
FIS,0.17,2.24,0.76,0.0,3,3,1
PFE,-1.87,1.31,-0.11,0.0,5,1,0
CMS,-1.99,1.21,0.09,0.17909999999999998,5,3,1
O,-2.53,0.1,-0.92,0.0,9,5,0
WSM,-0.77,0.94,-0.64,0.0,8,5,0
CRWD,0.81,0.73,-0.78,0.0,6,5,0
BK,2.39,0.26,-0.62,0.0,1,1,1
GIS,0.56,1.43,0.62,0.0,6,1,1
FRT,-2.5,0.45,0.27,0.675,6,2,0
BRO,0.6,0.46,0.63,0.0,0,1,1
FRT,-1.23,0.65,-0.4,0.0,7,1,0
KLAC,3.21,1.08,0.43,0.0,1,2,1
PEG,-0.66,1.4,0.37,0.2442,5,2,0
IBKR,-0.73,0.92,0.22,0.1606,4,1,1
DHI,-1.07,0.87,0.82,0.8774,1,1,0
ALL,1.44,0.71,-0.31,0.0,0,5,1
VICI,3.75,1.81,0.43,0.0,4,5,1
ALLE,-3.46,0.78,-0.84,0.0,0,2,0
FICO,-1.86,1.53,0.2,0.37200000000000005,0,1,0
CMCSA,0.0,0.91,0.17,0.0,8,5,0
QCOM,-0.48,0.17,-0.55,0.0,2,2,0
INTU,-0.29,1.39,-0.32,0.0,0,2,1
MO,-0.87,1.23,0.83,0.7221,2,1,0
FOXA,-1.21,0.13,-0.38,0.0,2,3,0
AKAM,1.01,1.23,0.97,0.0,3,5,1
ESS,-3.33,1.52,0.09,0.2997,7,5,1
VRSN,-0.72,1.81,-0.96,0.0,5,2,0
ON,-2.06,2.2,0.24,0.4944,3,1,1
PAYX,-0.68,0.88,0.19,0.1292,0,2,1
SWKS,-0.15,0.85,-0.79,0.0,3,5,1
TDY,3.19,0.26,0.61,0.0,0,4,1
SRE,0.08,1.27,0.24,0.0,1,4,0
GEN,-0.53,0.83,-1.0,0.0,1,2,0
PFG,1.92,1.23,0.1,0.0,3,4,1
VICI,1.34,1.76,0.46,0.0,1,4,1
PH,-3.45,0.63,0.87,3.0015,5,5,1
BALL,2.02,0.73,0.19,0.0,2,3,0
EVRG,1.71,0.82,-0.82,0.0,6,3,0
AEE,-2.31,1.46,0.66,1.5246000000000002,4,5,0
NXPI,4.37,1.29,-0.61,0.0,0,2,0
HOOD,-0.19,0.88,0.12,0.0228,7,2,0
CL,-1.46,1.95,0.91,1.3286,9,4,1
ALB,2.63,1.07,-0.8,0.0,2,3,0
PSX,-1.39,0.99,-0.65,0.0,1,2,0
AMAT,1.13,1.15,0.17,0.0,2,2,0
PWR,0.73,0.69,-0.63,0.0,2,3,0
GRMN,2.73,1.82,-0.02,0.0,7,2,0
VRTX,0.49,0.04,-0.6,0.0,3,4,1
PTC,-0.25,0.59,0.32,0.08,5,2,0
TRGP,0.89,0.15,-0.31,0.0,6,4,0
SNPS,0.01,1.41,-0.34,0.0,5,5,0
BRO,-4.16,0.84,0.84,3.4944,9,1,1
AVY,-1.2,1.08,-0.35,0.0,7,5,0
SPGI,4.78,1.19,-0.53,0.0,7,1,0
CME,-1.52,0.94,-0.79,0.0,9,3,0
JCI,1.44,0.73,-0.24,0.0,9,2,1
XYZ,2.9,0.92,-0.2,0.0,7,5,0
MCK,0.76,1.88,0.89,0.0,1,2,1
CRM,-0.45,0.58,0.23,0.10350000000000001,2,2,1
AAPL,2.58,0.35,-0.3,0.0,7,5,0
GEN,-0.58,1.21,-0.19,0.0,0,3,1
FIS,0.37,1.53,0.03,0.0,7,1,0
CTVA,1.72,0.29,-0.09,0.0,2,2,0
LII,-1.62,1.48,-0.36,0.0,7,2,0
AMGN,-0.04,0.66,0.83,0.0332,4,2,1
ERIE,-3.23,1.15,-0.31,0.0,9,3,0
HAS,0.53,0.79,0.81,0.0,1,5,1
FANG,0.85,1.39,-0.98,0.0,6,2,0
MS,-0.83,1.47,-0.93,0.0,8,5,0
SW,-2.74,1.08,0.44,1.2056,8,5,1
AKAM,1.75,0.77,-0.05,0.0,6,4,1
DELL,-2.38,1.53,-0.63,0.0,4,1,0
GIS,1.33,0.51,0.89,0.0,6,5,1
TRGP,-3.24,0.84,-0.11,0.0,6,5,1
FICO,-0.58,0.82,0.54,0.3132,3,5,1
EXR,-3.02,0.55,-0.93,0.0,8,4,0
TFC,3.41,0.39,0.24,0.0,2,5,1
APD,-1.26,0.45,0.63,0.7938000000000001,9,4,1
DHR,-2.5,1.28,0.25,0.625,4,3,0
GPC,1.19,0.71,0.48,0.0,4,5,1
HD,-3.0,0.61,-0.39,0.0,3,2,0
Q,-0.27,0.81,-0.19,0.0,1,4,1
F,2.89,1.66,0.7,0.0,2,1,1
RF,2.29,0.61,-0.21,0.0,8,5,0
TDG,-1.61,0.5,0.85,1.3685,3,5,0
SNA,-1.76,0.29,0.33,0.5808,0,3,1
CPRT,0.24,0.68,0.77,0.0,6,2,1
TSLA,3.37,1.5,-0.16,0.0,0,3,0
LRCX,0.27,0.31,-0.99,0.0,7,3,1
MMM,2.32,1.02,-0.07,0.0,9,1,0
PCAR,0.76,1.16,-0.09,0.0,3,3,0
FICO,-1.03,1.12,0.73,0.7519,6,4,1
SCHW,0.17,0.63,-0.17,0.0,9,5,1
CLX,-1.71,0.18,0.01,0.0171,4,5,0
TRV,2.39,1.78,-0.65,0.0,3,4,0
WELL,-0.39,0.66,0.64,0.24960000000000002,6,2,1
LLY,-3.96,0.75,-0.9,0.0,9,2,0
WAB,-1.54,0.36,0.41,0.6314,4,1,0
HUM,-1.94,1.49,-0.63,0.0,4,1,0
CBOE,-0.2,0.45,0.21,0.042,5,3,1
TSCO,-0.32,1.47,0.07,0.022400000000000003,9,4,1
RJF,1.79,0.87,0.79,0.0,9,3,1
COO,1.35,1.09,0.92,0.0,6,4,1
CTVA,-3.48,0.81,0.92,3.2016,7,5,0
FTNT,-3.29,1.3,-0.44,0.0,0,1,0
TRGP,2.47,1.17,-0.22,0.0,7,3,1
MET,-1.65,1.67,-0.87,0.0,3,4,0
WMB,3.65,0.88,-0.21,0.0,4,5,1
HUBB,2.28,0.7,0.25,0.0,2,3,1
TFC,1.42,1.91,0.22,0.0,3,1,1
SLB,3.71,0.76,0.47,0.0,6,2,1
CMCSA,0.65,0.1,0.07,0.0,3,5,1
ETN,-0.15,0.93,-0.79,0.0,4,2,1
FSLR,0.53,0.68,-0.73,0.0,7,3,1
VRSN,-0.79,0.43,-0.31,0.0,8,4,0
HST,2.91,0.96,0.15,0.0,2,5,0
GD,-1.18,1.35,-0.55,0.0,0,2,0
LDOS,0.33,2.1,-0.11,0.0,1,3,0
FICO,0.42,0.45,0.74,0.0,5,2,1
LW,-1.51,0.88,-0.08,0.0,8,3,0
NFLX,-1.3,1.19,0.2,0.26,1,5,1
MSI,3.92,1.07,0.67,0.0,8,4,1
COST,0.58,0.0,0.38,0.0,6,4,1
BK,-0.71,0.88,0.64,0.45439999999999997,8,1,0
NFLX,0.16,1.08,-0.99,0.0,6,2,1
NVDA,0.24,1.76,0.28,0.0,0,4,1
DPZ,-0.71,1.52,-0.01,0.0,1,2,0
PHM,3.02,1.3,-0.58,0.0,5,2,1
DD,-3.44,0.63,0.88,3.0272,5,2,1
WSM,-3.04,0.96,-0.49,0.0,1,4,0
CHRW,0.51,0.76,-0.46,0.0,2,5,0
NTRS,-2.28,1.01,0.73,1.6643999999999999,7,3,0
ARE,-2.87,0.05,-0.39,0.0,5,3,0
FISV,0.09,0.13,0.56,0.0,3,5,0
KMI,2.79,0.48,-0.37,0.0,2,1,1
CSGP,-3.44,0.54,0.39,1.3416000000000001,9,3,1
PAYC,-1.19,1.45,-0.11,0.0,7,5,0
IBM,1.36,0.42,0.22,0.0,7,2,1
APP,0.95,0.68,0.14,0.0,2,3,1
SPGI,0.26,0.15,0.44,0.0,4,2,0
VRSK,0.65,2.14,-0.9,0.0,6,5,1
V,-1.88,0.72,0.01,0.0188,8,2,0
SOLS,-0.5,0.16,-0.73,0.0,0,5,1
AMZN,0.81,1.36,-0.79,0.0,5,2,0
UDR,0.51,1.4,-0.12,0.0,0,5,1
LLY,3.19,1.0,-0.47,0.0,1,5,0
AME,0.19,0.84,-0.84,0.0,2,2,1
LOW,-0.94,0.19,1.0,0.94,6,1,1
T,0.38,0.55,-0.02,0.0,1,5,0
FIS,-1.94,0.96,0.3,0.582,4,5,0
D,1.54,1.65,-0.37,0.0,9,2,1
HUBB,2.34,0.79,0.94,0.0,9,3,1
CTRA,-1.81,1.47,0.28,0.5068,2,4,1
HAL,2.92,0.91,0.21,0.0,0,2,1
SWK,-3.48,0.47,-0.96,0.0,3,3,0
DG,1.5,1.18,0.03,0.0,2,4,0
KLAC,-1.08,0.96,-0.28,0.0,1,4,0
GRMN,2.41,1.17,0.72,0.0,1,4,1
XYZ,-1.39,0.24,0.86,1.1953999999999998,5,1,0
CTRA,1.15,1.36,0.4,0.0,9,5,1
PKG,0.7,0.58,-0.92,0.0,4,3,1
SBAC,-3.56,0.12,-0.85,0.0,5,3,0
DG,-1.11,1.35,-0.16,0.0,8,3,1
BRK-B,-1.47,0.01,0.34,0.4998,5,5,1
PANW,1.44,0.33,-0.95,0.0,7,4,0
DE,4.93,1.16,0.26,0.0,8,2,1
HSY,1.66,1.46,0.74,0.0,5,5,1
ALGN,0.25,0.69,0.68,0.0,5,4,1
MTD,-0.33,0.89,1.0,0.33,8,1,0
URI,-0.12,1.25,-0.48,0.0,7,5,1
TYL,-2.11,1.31,-0.3,0.0,9,2,0
MSCI,1.7,1.21,0.93,0.0,9,2,1
HAS,0.65,1.64,0.24,0.0,1,2,1
DXCM,1.69,1.26,-0.89,0.0,4,4,1
LLY,-0.92,1.38,0.28,0.25760000000000005,0,3,1
UBER,-2.39,1.14,0.42,1.0038,7,4,1
COIN,-0.05,0.68,-0.97,0.0,9,3,0
VICI,1.33,0.62,-0.49,0.0,8,2,0
IBKR,2.93,1.27,-0.38,0.0,4,3,1
ALGN,-3.33,0.85,0.76,2.5308,0,5,1
ED,-2.65,1.27,0.09,0.2385,4,4,0
APP,0.19,0.31,-0.06,0.0,2,4,1
ADM,2.72,0.82,-0.72,0.0,5,3,1
FAST,1.45,1.25,0.09,0.0,3,4,1
ADSK,-1.26,0.75,-0.75,0.0,1,2,0
BKNG,2.36,1.57,0.26,0.0,6,5,1
HUM,-0.11,0.72,0.78,0.0858,2,1,1
INTC,-3.7,0.56,-0.63,0.0,0,3,0
QCOM,-0.94,0.83,0.77,0.7238,1,3,1
WBD,1.01,0.8,0.63,0.0,3,4,1
AVY,-3.02,0.97,-0.84,0.0,4,1,0
FFIV,-0.23,0.54,0.88,0.2024,4,5,1
BKR,1.27,0.33,-0.05,0.0,1,1,1
MAS,-0.9,0.5,-0.37,0.0,9,5,0
WTW,-2.33,1.53,-0.08,0.0,0,4,0
TDY,1.64,1.08,-0.65,0.0,8,1,1
ACGL,-1.37,0.58,0.33,0.45210000000000006,3,5,0
ACN,0.2,0.92,0.26,0.0,4,5,0
TMUS,-1.19,0.85,-0.46,0.0,2,2,0
BSX,-1.5,0.89,-0.32,0.0,2,4,0
IDXX,-2.37,0.85,0.97,2.2989,6,1,0
DECK,2.53,1.44,0.57,0.0,1,5,1
EOG,-0.38,1.6,0.42,0.1596,7,3,0
DD,2.6,0.64,0.0,0.0,5,3,1
APA,-0.02,1.08,0.63,0.0126,4,3,0
TXT,1.76,0.88,0.63,0.0,3,2,1
GM,0.67,0.9,-0.69,0.0,3,4,0
TKO,-1.47,0.67,0.47,0.6909,7,2,0
TMO,2.88,0.74,-0.71,0.0,6,3,1
IR,0.11,0.85,-0.09,0.0,1,2,0
ULTA,1.67,1.42,-0.71,0.0,4,3,1
PG,-2.31,0.79,-0.3,0.0,9,4,0
PM,0.26,0.64,0.2,0.0,0,3,0
ROST,-1.36,0.46,-0.59,0.0,9,5,0
WYNN,-0.01,1.09,-0.03,0.0,5,2,0
AVGO,3.5,0.8,0.17,0.0,7,4,0
DD,-0.32,0.31,-0.51,0.0,5,2,0
EOG,4.43,1.28,0.09,0.0,6,2,0
ETN,-0.15,1.38,-0.64,0.0,6,3,1
PANW,-0.09,0.68,0.71,0.0639,1,3,0
UHS,-0.65,0.96,0.71,0.46149999999999997,6,1,0
CNP,-1.11,1.85,-0.39,0.0,4,3,0
TRV,1.65,0.52,0.55,0.0,1,4,1
NDAQ,-0.46,0.71,-0.5,0.0,7,3,1
PSA,0.3,1.01,0.6,0.0,2,4,0
LRCX,-1.6,0.86,0.4,0.6400000000000001,2,2,0
HUBB,-0.55,1.53,0.96,0.528,9,1,0
XEL,1.58,1.13,0.25,0.0,4,1,1
PWR,0.13,0.43,-0.93,0.0,0,3,1
PODD,0.98,1.27,-0.6,0.0,5,5,1
PTC,0.16,0.98,-0.9,0.0,0,2,1
ADSK,4.78,1.59,0.29,0.0,4,3,1
CHRW,1.45,1.06,0.33,0.0,4,2,1
BAX,0.05,0.85,-0.08,0.0,5,4,0
GPN,0.07,2.0,0.53,0.0,5,1,0
PKG,0.81,0.52,-0.66,0.0,2,4,0
MTD,-1.5,1.1,0.29,0.43499999999999994,4,2,0
PAYC,-2.73,1.35,0.61,1.6653,2,4,0
D,0.0,1.21,-0.09,0.0,5,1,0
RF,0.28,0.46,0.09,0.0,1,4,1
MET,2.21,0.87,0.71,0.0,7,4,1
SWKS,0.78,0.67,-0.8,0.0,1,4,1
IRM,-0.55,0.76,-0.36,0.0,9,2,0
VLTO,-1.99,1.12,-0.14,0.0,9,2,1
EQT,2.31,0.92,0.16,0.0,0,1,1
TSCO,-0.23,0.31,-0.28,0.0,9,5,1
KMB,2.16,0.84,-0.01,0.0,1,1,1
JPM,-0.68,1.58,-0.33,0.0,5,1,0
HWM,1.27,2.2,0.11,0.0,9,2,0
GNRC,-0.68,1.12,0.56,0.3808000000000001,0,3,0
LLY,4.3,1.92,-0.29,0.0,0,5,0
HUM,-0.2,1.19,-0.48,0.0,8,3,1
ADSK,-1.48,1.33,0.42,0.6215999999999999,5,3,1
ZBH,-3.68,0.95,0.45,1.6560000000000001,4,5,0
ELV,-0.71,1.21,0.75,0.5325,9,3,1
RSG,-0.06,0.34,-0.84,0.0,7,5,1
HII,3.15,1.28,-0.36,0.0,3,2,0
SYY,-6.1,0.79,-0.92,0.0,5,2,0
RVTY,-2.85,1.07,-0.78,0.0,0,4,0
HRL,-1.15,1.17,0.18,0.207,4,5,1
CINF,0.5,1.8,-0.85,0.0,1,4,1
UNP,-0.4,0.56,0.87,0.34800000000000003,6,3,0
ISRG,-0.31,1.7,-0.28,0.0,7,5,0
J,0.64,0.76,-0.81,0.0,5,2,0
GEV,1.06,1.07,0.16,0.0,2,5,1
EPAM,0.09,1.89,0.36,0.0,8,5,0
COST,-0.17,2.05,0.85,0.14450000000000002,1,5,1
CB,-2.82,0.88,0.13,0.3666,4,2,0
TGT,-0.76,0.07,-0.44,0.0,0,3,0
APTV,-3.69,1.39,0.45,1.6605,0,4,1
BLDR,-2.79,0.7,-0.97,0.0,5,3,0
SCHW,-0.44,0.81,-0.81,0.0,7,2,1
SCHW,-1.91,1.18,0.84,1.6043999999999998,8,3,1
MRK,0.4,0.79,-0.19,0.0,1,3,1
POOL,-1.39,1.13,0.9,1.251,1,2,0
V,1.32,1.52,0.78,0.0,4,4,1
NWSA,2.42,0.67,0.61,0.0,7,2,1
CMCSA,0.76,0.78,0.41,0.0,6,4,1
COP,0.1,0.11,-0.01,0.0,4,3,0
CPT,-4.83,1.01,0.94,4.5402,2,4,0
BBY,1.78,1.18,0.79,0.0,6,2,1
DELL,3.33,1.15,0.51,0.0,1,1,1
TPR,0.89,0.75,0.44,0.0,8,3,1
URI,-0.65,1.3,-0.34,0.0,9,4,0
NOW,4.29,1.45,0.33,0.0,0,2,1
SCHW,3.88,0.33,-0.62,0.0,1,3,0
TECH,-0.77,1.44,0.8,0.6160000000000001,1,1,0
CAH,-1.14,2.0,0.67,0.7638,6,5,0
EME,2.8,1.8,0.7,0.0,7,5,1
MPC,3.06,1.18,0.43,0.0,0,5,1
INTC,0.17,0.53,-0.83,0.0,8,3,0
MOH,2.02,0.39,0.4,0.0,1,3,1
VTR,-2.13,1.21,0.13,0.2769,4,3,1
GPN,2.17,1.16,0.78,0.0,3,5,1
DXCM,0.57,0.93,0.45,0.0,4,2,1
FITB,-0.44,1.03,0.24,0.1056,8,5,1
CMG,-4.2,1.34,-0.84,0.0,9,1,0
NUE,-0.23,1.28,-0.07,0.0,8,1,0
WM,1.42,2.56,-0.51,0.0,6,1,0
JPM,-0.34,0.32,-0.43,0.0,7,3,1
EPAM,2.69,1.65,0.65,0.0,3,4,1
EOG,-0.35,0.84,0.96,0.33599999999999997,0,2,1
ALGN,-1.11,1.01,0.14,0.15540000000000004,9,2,0
CBRE,-4.21,2.02,0.89,3.7469,6,4,1
MCD,4.35,1.35,-0.49,0.0,7,1,0
F,0.98,1.49,-0.32,0.0,7,3,1
ROP,3.6,1.11,0.16,0.0,4,2,0
ACGL,0.46,1.45,0.06,0.0,8,3,0
MDT,-0.51,0.19,0.26,0.1326,2,5,1
LW,1.48,0.74,-0.15,0.0,7,1,0
FE,1.62,1.69,-0.72,0.0,7,4,1
YUM,0.86,1.42,0.76,0.0,1,4,1
XOM,0.21,1.15,0.05,0.0,7,5,0
PFG,2.08,0.58,-0.58,0.0,6,1,1
CMS,-0.76,0.63,0.77,0.5852,8,2,0
DECK,-1.31,1.42,0.77,1.0087000000000002,3,3,1
MET,1.87,0.12,-0.79,0.0,4,2,1
ALB,2.61,0.74,-0.01,0.0,3,3,0
ALLE,-0.12,0.16,-0.85,0.0,5,3,1
EVRG,-2.23,1.76,0.91,2.0293,5,3,0
CARR,-2.2,1.29,-0.71,0.0,1,3,0
FE,-2.21,1.98,-0.42,0.0,1,2,0
STLD,1.25,0.86,-0.62,0.0,8,5,0
MOH,-1.0,0.95,-0.31,0.0,0,3,0
ISRG,1.61,0.7,-0.89,0.0,0,4,1
SWK,-1.78,1.36,-0.1,0.0,5,3,1
NTRS,4.11,1.32,0.51,0.0,0,4,1
VZ,0.49,0.5,-0.04,0.0,2,3,0
ADP,-0.12,0.12,0.67,0.0804,0,1,0
RMD,-3.16,1.41,-0.18,0.0,0,1,1
GDDY,-0.52,0.97,-0.56,0.0,0,5,0
INVH,-0.55,0.99,-0.83,0.0,3,4,0
IBKR,-3.42,1.23,-0.3,0.0,4,1,0
ADBE,0.79,1.23,0.02,0.0,1,1,1
CPAY,-0.89,0.72,-0.58,0.0,1,5,0
BEN,-0.85,1.53,0.68,0.5780000000000001,1,1,0
HUM,1.6,0.41,0.78,0.0,6,2,1
HPE,-2.44,1.21,0.61,1.4884,4,5,0
TFC,-0.08,0.12,-0.83,0.0,0,3,1
FCX,1.6,0.57,0.5,0.0,0,5,1
T,-3.75,0.93,-0.48,0.0,8,3,0
XEL,1.26,0.82,0.19,0.0,8,2,1
EBAY,-2.3,1.13,-0.29,0.0,3,5,0
NVDA,-4.12,1.55,-0.16,0.0,6,4,0
AVGO,-2.51,0.91,0.27,0.6777,7,4,0
FDS,1.33,0.9,0.01,0.0,2,1,0
XYZ,-5.77,1.04,-0.32,0.0,0,5,0
MCHP,1.11,0.7,-0.09,0.0,7,3,1
IFF,2.06,0.83,0.5,0.0,0,1,1
SO,1.33,1.04,-0.58,0.0,8,1,0
NUE,-3.38,0.91,0.64,2.1632,3,4,1
BKR,1.52,0.8,0.53,0.0,4,1,1
ON,0.58,0.75,-0.6,0.0,9,3,0
WMT,0.48,0.04,0.3,0.0,2,2,0
FOXA,-0.73,0.91,-0.31,0.0,1,3,0
PSA,0.41,1.66,0.86,0.0,8,2,1
AMCR,-0.15,0.62,0.22,0.033,8,2,1
INVH,3.16,0.85,0.59,0.0,5,3,1
SWKS,-0.01,0.55,-0.47,0.0,9,1,0
TTWO,-0.8,1.41,-0.64,0.0,7,4,0
OKE,-3.05,0.75,-0.36,0.0,9,5,0
FRT,1.22,0.14,-0.12,0.0,1,5,0
MSFT,0.92,1.14,0.51,0.0,5,4,1
SBAC,2.18,0.73,-0.51,0.0,7,4,1
TRGP,-2.67,1.36,0.11,0.2937,5,1,0
COF,1.03,0.81,-0.38,0.0,4,1,0
COP,1.22,0.04,-0.85,0.0,9,4,0
XYZ,2.05,1.3,0.12,0.0,9,3,0
WAT,2.49,0.2,-0.24,0.0,0,4,0
HON,-0.96,0.3,0.7,0.6719999999999999,0,1,0
WDC,-1.8,0.59,-0.55,0.0,3,1,0
CVS,1.53,0.51,0.65,0.0,6,1,1
HRL,0.95,0.6,-0.51,0.0,4,1,0
GEHC,2.8,1.18,-0.97,0.0,0,2,0
DRI,-0.36,1.69,-0.55,0.0,8,2,0
OKE,-1.97,0.77,0.13,0.2561,8,5,1
AZO,0.35,0.52,0.72,0.0,9,1,1
PNC,-0.34,1.5,0.5,0.17,2,1,0
PFG,-1.16,1.17,0.04,0.0464,6,4,0
GPN,2.45,0.91,0.14,0.0,8,4,1
CVS,0.29,0.68,0.2,0.0,4,2,1
TRMB,-0.69,1.39,-0.77,0.0,3,4,0
VRTX,-3.4,0.72,0.47,1.5979999999999999,1,2,0
POOL,-0.32,0.76,-0.04,0.0,0,4,1
BRK-B,-1.36,0.23,0.56,0.7616000000000002,1,4,0
ES,0.39,1.55,-0.18,0.0,9,4,1
SOLS,-3.26,0.55,-0.07,0.0,0,4,0
AAPL,-0.09,1.06,-0.8,0.0,0,2,1
ATO,-0.38,0.25,-0.13,0.0,0,1,0
CEG,-3.68,0.59,-0.37,0.0,4,1,0
COIN,2.1,1.28,0.02,0.0,0,4,1
MLM,1.46,1.03,0.2,0.0,5,4,1
CNP,0.89,1.01,0.93,0.0,5,2,1
AMAT,-1.05,1.27,-0.57,0.0,0,5,0
CFG,1.52,0.77,-0.22,0.0,7,2,0
BALL,2.7,0.24,-0.68,0.0,3,4,1
WM,-2.66,0.09,0.2,0.532,3,2,1
CNC,-3.95,0.41,0.38,1.5010000000000001,2,1,1
TROW,0.04,0.51,0.47,0.0,8,3,1
KMI,-1.26,1.1,0.82,1.0332,2,2,1
ALLE,-1.41,0.69,0.43,0.6063,8,2,1
HII,-1.67,0.77,-0.47,0.0,8,5,0
DIS,-1.73,1.61,-0.34,0.0,8,2,0
HII,-0.12,0.33,0.41,0.049199999999999994,4,1,1
PTC,2.32,1.06,-0.99,0.0,5,4,0
ADSK,-1.96,0.8,0.02,0.0392,8,3,1
IVZ,2.52,0.96,0.51,0.0,0,2,1
NSC,0.37,0.88,0.06,0.0,8,5,1
PRU,-2.63,1.4,-0.9,0.0,0,4,0
SBUX,0.84,1.18,-0.03,0.0,4,4,0
NKE,-1.4,0.52,-0.65,0.0,7,4,0
VRSK,0.43,1.38,-0.18,0.0,4,4,0
AFL,4.0,1.57,-0.92,0.0,8,4,1
POOL,2.68,1.5,0.28,0.0,5,2,1
AMGN,-0.31,0.57,-0.74,0.0,2,1,0
NXPI,-3.96,0.87,0.53,2.0988,9,5,0
ED,0.59,1.12,0.35,0.0,3,1,1
META,-1.06,1.19,-0.54,0.0,1,1,0
ECL,-5.24,0.35,-0.99,0.0,3,3,0
TDG,2.37,1.52,0.91,0.0,2,1,1
OKE,-0.43,1.52,0.38,0.1634,0,5,0
TDG,-0.76,2.04,-0.6,0.0,5,1,0
CMS,-4.39,1.8,0.5,2.195,8,4,1
FDS,0.33,0.31,0.87,0.0,8,2,1
HPQ,2.11,0.96,-0.92,0.0,7,5,0
TRV,-0.45,0.93,0.86,0.387,1,1,1
XEL,3.64,0.8,0.64,0.0,0,3,1
JBHT,-2.16,1.81,-0.26,0.0,2,1,0
MTD,-3.17,0.42,0.67,2.1239,6,4,1
TDY,-2.29,1.4,-0.97,0.0,8,2,0
LNT,0.04,0.31,0.73,0.0,8,5,1
ZBRA,-0.44,0.68,0.5,0.22,5,4,0
GL,0.92,1.65,-0.01,0.0,3,1,1
ALGN,-1.22,1.39,0.27,0.3294,1,4,0
MSFT,1.2,0.23,0.01,0.0,8,2,0
PLD,-0.35,1.32,0.46,0.161,0,1,0
CTRA,-0.31,0.45,0.66,0.2046,8,3,0
KLAC,-3.49,0.88,-0.07,0.0,0,2,0
QCOM,0.8,0.87,0.82,0.0,9,4,1
CDW,3.99,0.53,-0.1,0.0,2,2,0
IRM,0.28,0.96,0.04,0.0,7,4,1
J,1.29,0.71,-0.88,0.0,0,1,1
WY,-0.35,1.01,-0.48,0.0,3,5,0
FIS,4.38,0.88,-0.96,0.0,7,3,0
GL,-3.04,1.47,-0.83,0.0,8,4,0
STZ,-0.59,1.79,-0.91,0.0,9,5,0
F,0.82,0.86,-0.98,0.0,4,4,0
DD,-0.29,0.01,0.33,0.0957,9,5,0
GEV,3.24,0.69,0.84,0.0,1,3,1
AFL,0.15,0.31,0.82,0.0,3,1,1
KIM,0.54,0.81,-0.02,0.0,5,3,0
KDP,-1.02,0.28,-0.86,0.0,0,1,0
GL,0.78,0.92,-0.43,0.0,9,2,0
V,1.34,1.59,-0.06,0.0,3,2,1
MTD,0.3,1.15,0.51,0.0,5,5,1
INVH,-0.45,0.76,0.31,0.1395,4,2,0
ROK,1.57,0.72,0.04,0.0,5,4,0
SPGI,2.0,0.55,-0.86,0.0,1,4,1
AKAM,-5.79,0.99,0.22,1.2738,4,3,1
HUM,-3.36,0.85,-0.52,0.0,2,3,0
BAX,-1.05,1.56,-0.8,0.0,7,2,0
EXC,0.01,0.26,-0.53,0.0,3,2,0
TXN,-5.14,0.01,-0.65,0.0,8,1,0
ADBE,0.67,0.9,-0.77,0.0,1,1,1
AKAM,0.9,0.77,0.08,0.0,8,5,0
REG,-0.3,1.25,-0.73,0.0,9,1,0
ZBH,-1.13,0.25,-0.23,0.0,9,2,0
PPL,-1.07,0.62,0.02,0.021400000000000002,5,1,1
NVDA,2.36,2.0,0.43,0.0,3,3,1
EOG,0.88,1.02,-0.12,0.0,9,4,0
NOC,-0.32,0.99,-0.12,0.0,9,1,0
ARE,-0.58,1.42,-0.71,0.0,5,2,0
ZBH,3.23,1.41,0.65,0.0,6,2,1
HUM,-1.01,0.53,-0.12,0.0,1,3,1
IVZ,1.11,0.05,-0.9,0.0,9,5,0
ALLE,-3.25,0.82,-0.62,0.0,5,5,0
EA,2.33,0.59,-0.84,0.0,1,4,1
ABNB,-4.42,0.88,-0.36,0.0,3,2,0
UHS,0.42,0.72,-0.14,0.0,0,1,0
CBRE,2.59,1.97,-0.89,0.0,0,5,1
PCG,0.04,0.27,0.09,0.0,7,1,0
CNC,-0.77,1.1,-0.79,0.0,8,1,0
STE,-0.09,0.38,-0.27,0.0,1,1,1
FFIV,-0.39,0.48,-0.45,0.0,0,1,0
CEG,-1.04,1.43,0.58,0.6032,1,5,1
RJF,0.06,1.26,-0.39,0.0,6,4,0
WDC,0.21,0.84,-0.11,0.0,7,1,0
PLD,0.41,0.19,-0.04,0.0,2,3,0
UPS,1.63,1.61,-0.53,0.0,8,3,0
LVS,0.06,1.35,-0.3,0.0,9,4,1
CSX,1.7,0.36,0.07,0.0,3,4,1
NEE,-0.94,1.52,-0.15,0.0,2,1,1
DPZ,3.06,1.52,0.55,0.0,4,1,1
MPC,-1.92,1.27,0.43,0.8256,6,2,0
IP,-1.55,0.55,0.31,0.4805,4,2,0
YUM,-4.61,0.82,-0.01,0.0,1,2,0
WEC,-1.56,1.13,0.21,0.3276,8,1,1
CSX,0.11,0.59,-0.19,0.0,2,1,1
DG,0.04,2.0,0.56,0.0,6,2,1
STX,-2.23,1.6,-0.81,0.0,0,5,0
MPWR,0.7,0.38,0.12,0.0,4,3,0
DXCM,-0.53,1.11,-0.96,0.0,0,1,0
DASH,0.37,0.79,0.14,0.0,5,5,1
ULTA,0.81,2.31,-0.01,0.0,7,1,1
ETN,-2.91,1.93,-0.11,0.0,0,5,0
TSLA,2.17,0.44,0.73,0.0,2,5,1
PGR,-0.41,0.92,0.23,0.0943,4,4,0
CARR,-2.76,0.1,-0.06,0.0,3,1,0
UHS,0.68,1.32,-0.57,0.0,4,2,0
DHR,-0.32,1.11,-0.54,0.0,0,4,1
CL,0.67,0.55,-0.85,0.0,1,3,1
BR,0.94,1.31,-0.66,0.0,4,3,1
XEL,0.24,0.95,-0.08,0.0,5,3,1
JCI,-2.96,1.84,-0.55,0.0,2,1,0
FDX,0.69,1.54,-0.92,0.0,0,5,0
CBRE,0.19,1.05,0.67,0.0,6,1,1
MPWR,-1.97,0.37,-0.38,0.0,8,1,0
AZO,4.18,0.98,-0.97,0.0,2,3,1
TT,-1.79,0.81,-0.12,0.0,6,5,1
MSCI,3.34,0.55,-0.16,0.0,4,3,0
CPRT,0.86,1.4,-0.66,0.0,1,5,1
EXPD,1.29,0.45,0.09,0.0,1,5,0
NTRS,1.29,1.04,-0.17,0.0,5,2,1
EQT,-2.62,1.13,-0.55,0.0,6,2,0
CTRA,2.36,1.2,-0.43,0.0,0,2,1
MOH,-1.34,1.54,0.44,0.5896,9,3,0
NXPI,1.37,1.44,-0.45,0.0,8,5,0
BLDR,-3.27,0.74,-0.23,0.0,8,3,0
DASH,-1.07,0.53,-0.93,0.0,3,2,0
NOW,-1.06,1.42,0.75,0.795,2,4,0
PAYC,1.41,0.74,0.41,0.0,2,2,1
AON,3.47,0.51,-0.07,0.0,4,5,1
WRB,0.95,1.98,-0.53,0.0,9,3,0
AIG,-2.89,1.63,-0.41,0.0,7,1,0
EXPD,1.37,0.08,-0.7,0.0,9,4,0
CAT,3.31,1.31,0.83,0.0,3,1,1
AMZN,-2.0,1.81,-1.0,0.0,8,3,0
APD,3.98,1.2,-0.17,0.0,1,5,0
EA,-1.59,1.02,-0.62,0.0,6,5,0
BSX,1.08,1.15,-0.76,0.0,2,5,1
CINF,-2.62,0.69,0.47,1.2314,6,3,0
ULTA,0.61,0.38,0.81,0.0,1,5,1
CRM,-2.05,1.28,0.25,0.5125,5,1,0
GWW,-1.33,0.49,-0.64,0.0,8,3,0
NOW,0.22,0.81,-0.9,0.0,4,3,1
ITW,2.2,0.91,0.13,0.0,8,3,1
TKO,0.28,1.98,0.3,0.0,8,1,0
WFC,-1.85,0.89,0.15,0.2775,0,2,0
CMG,1.89,1.07,0.95,0.0,8,2,1
JBL,-2.38,0.7,0.51,1.2138,0,4,0
FDS,3.96,0.91,0.56,0.0,1,5,1
TMUS,0.34,1.47,0.62,0.0,0,1,1
WMT,-0.19,0.96,0.44,0.08360000000000001,8,3,0
ABBV,0.93,1.36,0.68,0.0,4,1,1
DIS,2.27,0.39,-0.94,0.0,4,2,0
AON,-0.59,1.59,0.53,0.3127,7,3,1
FICO,0.02,1.17,0.87,0.0,0,5,1
IVZ,-2.04,0.54,0.86,1.7544,2,4,1
CHRW,-0.73,2.19,-0.81,0.0,6,2,0
LLY,-1.67,1.55,-0.39,0.0,0,5,0
MAS,1.15,0.25,0.87,0.0,8,3,1
PSKY,3.41,0.61,-0.31,0.0,3,5,0
ISRG,-2.67,1.67,-0.9,0.0,3,3,0
TROW,3.1,1.16,0.07,0.0,8,5,0
FRT,-1.36,0.06,-0.44,0.0,9,5,0
GL,0.88,0.6,-0.72,0.0,2,2,1
DOC,-2.43,0.83,-0.78,0.0,1,3,0
MNST,-0.66,1.91,0.61,0.4026,5,4,1
LDOS,-0.23,1.23,-0.32,0.0,5,5,1
BRO,-1.18,1.12,0.21,0.24779999999999996,4,2,0
SMCI,-1.88,0.04,-0.91,0.0,1,2,0
TMO,-1.91,1.23,0.38,0.7258,8,4,1
INVH,5.42,1.4,0.34,0.0,8,5,1
GIS,2.4,2.04,-0.97,0.0,7,5,0
KIM,3.06,0.61,0.32,0.0,0,2,1
MCK,-1.63,0.27,-0.79,0.0,6,5,0
HPQ,-0.87,1.39,0.85,0.7394999999999999,2,2,0
RVTY,2.18,0.71,0.79,0.0,9,2,1
IBKR,-2.83,1.44,0.28,0.7924000000000001,7,3,0
ARE,0.0,1.59,0.36,0.0,2,5,0
NVR,-0.73,0.28,0.3,0.219,3,1,0
YUM,-0.98,0.69,-0.47,0.0,7,5,0
AON,1.45,1.22,-0.49,0.0,2,2,1
GS,-0.32,0.54,-0.54,0.0,4,3,0
PGR,0.29,1.44,-0.29,0.0,0,2,1
IR,3.16,0.69,-0.1,0.0,2,3,0
PANW,1.42,0.04,-0.81,0.0,3,2,0
EG,4.16,1.18,-0.59,0.0,5,1,0
SLB,-4.93,0.6,-0.53,0.0,2,3,0
ETN,2.63,0.93,0.23,0.0,2,2,1
EA,2.17,0.46,0.58,0.0,7,3,1
ZBRA,-5.43,0.93,-0.18,0.0,7,1,1
CBOE,-0.45,1.48,-0.42,0.0,9,5,0
FE,-3.76,1.72,-0.25,0.0,9,2,0
WEC,-2.53,0.31,-0.98,0.0,7,3,0
GOOGL,-1.61,1.58,0.22,0.3542,1,4,0
CMS,-1.08,0.33,-0.17,0.0,9,3,1
HON,0.06,0.54,0.13,0.0,5,3,1
PEG,-0.95,0.35,-0.37,0.0,0,1,0
SYF,-0.7,0.91,0.42,0.294,2,4,1
WAT,-2.97,0.11,-0.18,0.0,0,3,0
BIIB,1.4,1.38,-0.04,0.0,0,3,0
GWW,-2.23,0.49,0.62,1.3826,7,3,1
FOX,-1.26,1.03,-1.0,0.0,8,5,0
BF-B,-2.65,0.3,0.29,0.7685,5,1,1
DIS,0.87,0.97,-0.92,0.0,6,3,1
TDY,2.06,0.28,-0.79,0.0,4,1,0
ED,0.53,0.76,-0.35,0.0,7,1,1
WMB,0.05,0.47,0.17,0.0,5,2,1
AIZ,-2.33,1.3,-0.71,0.0,7,4,0
USB,1.25,1.56,-0.31,0.0,2,2,1
ACGL,-1.2,1.07,0.79,0.948,1,4,0
CSCO,0.96,1.73,-0.48,0.0,6,4,0
RTX,1.29,1.08,-0.53,0.0,2,5,0
AMP,-2.42,1.03,0.84,2.0328,4,1,0
STZ,1.84,1.51,-0.6,0.0,2,3,1
VTRS,-3.72,0.74,-0.03,0.0,2,5,0
TEL,1.01,1.22,0.31,0.0,5,5,1
NOW,-1.86,0.43,-0.77,0.0,1,3,0
ADM,-0.44,0.28,0.82,0.36079999999999995,3,1,1
ROL,1.92,1.56,-0.81,0.0,9,1,1
CFG,-1.3,0.93,0.64,0.8320000000000001,1,3,1
GPN,0.32,0.79,0.69,0.0,3,3,1
MET,-4.94,1.28,-0.4,0.0,5,2,0
EW,-1.76,1.33,-0.5,0.0,3,2,0
KHC,-2.85,0.76,-0.19,0.0,4,4,0
VMC,0.28,0.23,0.61,0.0,1,3,1
NCLH,-0.89,0.86,0.59,0.5251,2,2,0
ALB,1.62,0.7,0.07,0.0,6,1,0
SCHW,1.37,0.97,0.78,0.0,2,4,1
CDW,1.55,1.31,-0.46,0.0,0,4,1
AME,1.95,1.31,-0.2,0.0,5,4,1
CAG,-2.76,1.57,0.72,1.9871999999999999,3,4,1
EQT,-3.98,0.36,0.88,3.5024,7,1,0
DASH,-1.02,1.28,-0.52,0.0,1,1,0
JBHT,1.8,1.56,0.67,0.0,5,2,1
KR,2.78,1.89,-0.26,0.0,8,3,0
TSN,-0.74,0.77,-0.79,0.0,3,3,0
PM,-0.34,1.55,0.17,0.05780000000000001,5,2,0
AWK,1.81,1.04,-0.83,0.0,0,4,0
AOS,-1.03,0.94,0.6,0.618,6,2,1
EMR,-0.05,0.29,0.48,0.024,4,2,0
AIZ,-3.88,1.0,0.95,3.686,0,4,1
GLW,1.95,0.54,-0.52,0.0,5,1,1
DLTR,-0.08,0.94,-0.78,0.0,9,1,1
BAX,-0.73,1.25,0.56,0.40880000000000005,1,5,1
GS,2.93,0.94,-0.73,0.0,3,5,0
EQT,0.09,1.27,-0.42,0.0,9,5,1
CMCSA,1.93,1.68,-0.25,0.0,0,5,1
FCX,-0.47,1.27,-0.5,0.0,2,2,0
BAC,1.14,0.57,-0.23,0.0,4,3,1
FDX,-0.43,0.49,-0.04,0.0,6,3,1
CARR,3.07,1.61,-0.6,0.0,2,4,1
OMC,-0.71,0.85,-0.89,0.0,6,1,0
DG,-2.88,1.06,-0.33,0.0,9,4,0
EXR,0.82,0.62,-0.76,0.0,9,1,0
XYZ,2.49,0.64,0.16,0.0,7,3,0
AMT,2.82,0.76,-0.13,0.0,0,1,0
MPWR,-1.7,0.76,-0.65,0.0,7,5,0
NTAP,0.58,1.25,-0.27,0.0,9,3,1
DTE,-2.27,0.48,0.47,1.0669,9,5,1
TJX,-0.57,1.38,0.1,0.056999999999999995,9,3,0
AMZN,0.48,0.5,0.05,0.0,7,5,1
LIN,-4.02,1.15,-0.78,0.0,4,3,0
AMT,2.37,0.36,0.46,0.0,5,5,1
ETN,2.79,0.42,-0.92,0.0,2,4,1
GWW,1.2,1.29,0.43,0.0,9,4,1
HSY,-0.76,0.59,-0.58,0.0,9,4,0
HSIC,2.61,0.21,0.39,0.0,5,2,1
TRV,1.18,2.27,0.48,0.0,2,1,1
HSY,-0.7,0.96,-0.33,0.0,8,3,0
ERIE,1.79,0.13,0.69,0.0,9,2,1
NEE,0.04,0.6,0.94,0.0,1,4,0
ULTA,1.16,1.23,0.24,0.0,7,2,1
AMZN,3.84,0.44,-0.52,0.0,4,4,0
SYY,2.91,1.24,0.99,0.0,2,3,1
INVH,0.1,1.01,0.28,0.0,9,2,1
GS,-1.4,0.9,-0.66,0.0,3,1,0
T,-1.96,1.33,-0.12,0.0,4,3,1
YUM,2.42,1.51,0.12,0.0,7,5,0
MSFT,-0.61,1.67,0.57,0.34769999999999995,3,3,0
TDY,2.12,0.19,0.15,0.0,6,2,0
QCOM,4.29,0.77,0.66,0.0,3,1,1
ORLY,3.21,0.97,0.67,0.0,2,3,1
CNP,-0.15,1.49,0.06,0.009,8,1,1
COST,2.92,1.45,0.3,0.0,8,4,1
INVH,-0.31,1.55,-0.87,0.0,3,1,1
WDC,1.03,1.78,-0.22,0.0,9,3,0
LDOS,0.8,0.27,-0.15,0.0,1,5,1
TSLA,0.98,0.5,0.71,0.0,5,4,1
MET,-2.11,1.51,-0.06,0.0,6,5,0
DE,1.84,1.34,0.41,0.0,5,3,1
CTRA,1.69,0.69,-0.27,0.0,5,2,1
MDT,0.35,1.09,-0.29,0.0,3,5,1
CB,0.12,0.19,-0.24,0.0,0,4,0
EXPD,-2.18,0.93,-0.9,0.0,7,3,0
PYPL,-1.18,1.22,0.14,0.1652,9,3,0
FTNT,-1.41,1.43,0.4,0.564,0,5,1
VICI,0.76,0.34,-0.87,0.0,7,4,1
FTV,-0.63,0.2,-0.96,0.0,3,3,0
ORLY,1.19,0.43,-0.17,0.0,0,1,0
SO,1.32,1.54,-0.77,0.0,2,5,0
TTWO,-2.54,1.77,0.91,2.3114,7,5,1
ADP,1.67,0.68,0.99,0.0,4,3,1
EXC,0.84,1.05,-0.81,0.0,1,4,1
MOH,1.88,1.59,0.05,0.0,9,5,0
PAYC,-0.68,0.46,-0.02,0.0,8,4,1
DVA,1.87,1.39,-0.82,0.0,4,1,0
PRU,-1.31,0.73,0.62,0.8122,7,1,0
BRO,1.43,0.97,-0.63,0.0,3,2,0
PSA,0.03,1.07,-0.66,0.0,8,3,0
DELL,-3.51,0.65,-0.44,0.0,9,5,0
SCHW,2.03,1.34,-0.77,0.0,5,5,1
STT,2.27,0.92,-0.9,0.0,8,5,1
WAB,-0.16,1.4,0.69,0.1104,2,4,0
MKC,-2.32,0.87,-0.15,0.0,9,2,0
APO,-0.09,0.8,0.56,0.0504,4,1,1
ACGL,2.87,1.14,0.08,0.0,3,5,1
LNT,2.1,0.96,0.17,0.0,4,3,0
EXPE,-3.41,1.49,0.63,2.1483000000000003,6,4,1
WTW,-0.23,1.19,-0.87,0.0,9,4,1
ROST,-3.95,1.43,-0.42,0.0,6,5,0
PTC,-1.77,1.9,0.93,1.6461000000000001,8,4,1
LII,5.87,0.49,0.84,0.0,4,5,1
WELL,-3.42,0.8,-0.21,0.0,5,4,0
PGR,-1.28,0.56,1.0,1.28,5,3,0
ROL,2.38,0.36,-0.41,0.0,9,2,1
EL,0.83,1.14,-0.56,0.0,0,1,1
ALLE,2.14,0.96,0.53,0.0,4,3,1
COP,1.64,0.9,0.48,0.0,4,1,1
APH,0.58,0.08,0.31,0.0,9,5,1
RMD,1.44,1.21,-0.69,0.0,8,3,1
GPN,1.46,0.35,0.75,0.0,6,5,1
EVRG,3.42,0.09,0.81,0.0,7,4,1
BLK,0.14,1.81,0.29,0.0,0,4,0
BKNG,0.02,0.33,0.7,0.0,3,4,0
ED,-3.05,1.36,0.72,2.1959999999999997,6,3,0
CAH,-3.19,0.9,0.79,2.5201000000000002,5,5,0
TKO,1.78,0.7,0.6,0.0,9,3,1
C,3.08,1.79,0.65,0.0,4,4,1
PHM,0.53,0.15,-0.1,0.0,4,1,1
MTB,-1.82,1.35,-0.61,0.0,2,2,0
AZO,0.88,0.28,-0.26,0.0,3,4,1
AON,-0.94,0.8,0.76,0.7143999999999999,2,3,0
PPG,-0.93,0.96,-0.0,0.0,7,2,0
ICE,-0.19,1.01,-0.87,0.0,9,2,0
MOS,5.92,1.4,-0.93,0.0,6,2,1
ACN,-2.18,1.15,-0.2,0.0,6,4,1
AXON,-0.51,1.47,0.37,0.1887,2,4,1
DG,-2.69,1.52,0.21,0.5649,0,4,1
IQV,-2.24,0.17,-0.3,0.0,5,1,0
WRB,2.54,1.38,0.81,0.0,5,3,1
XYL,1.7,1.31,-0.42,0.0,9,5,1
DOC,1.34,1.23,-0.87,0.0,4,1,0
AXP,1.07,1.47,0.4,0.0,0,4,1
APTV,0.82,1.55,0.33,0.0,7,2,1
HSIC,-1.67,0.72,0.49,0.8182999999999999,7,4,0
TTD,0.37,0.98,-0.22,0.0,8,3,1
ON,0.36,0.59,0.2,0.0,6,2,1
DVA,2.73,1.31,-0.04,0.0,8,3,1
CHD,-2.49,1.22,-0.5,0.0,5,2,0
RF,-1.03,0.36,0.48,0.4944,5,5,0
AES,-1.23,1.38,-0.5,0.0,5,5,0
PAYC,-0.73,1.14,-0.2,0.0,0,5,1
JNJ,-0.07,1.61,-0.93,0.0,6,5,0
TSLA,-1.53,0.84,-0.44,0.0,9,4,0
VST,-1.83,0.75,-0.13,0.0,7,5,1
WDAY,-0.23,0.93,-0.77,0.0,9,5,1
CNC,0.02,1.27,0.26,0.0,3,4,1
FDX,-2.07,0.86,0.01,0.0207,0,2,1
SNPS,3.18,0.93,-0.48,0.0,6,2,0
CHD,3.19,1.16,-0.44,0.0,4,1,1
COF,-0.86,0.35,0.69,0.5933999999999999,0,1,1
RSG,1.36,1.82,-0.29,0.0,2,5,1
EXC,-2.92,1.47,0.94,2.7447999999999997,6,2,0
AKAM,-3.63,0.34,0.07,0.2541,7,1,0
NTAP,-1.32,1.06,0.31,0.4092,5,2,0
MSCI,5.33,1.05,0.84,0.0,0,1,1
GM,2.23,1.12,-0.52,0.0,8,2,1
HSY,0.39,1.27,-0.12,0.0,4,2,0
DOW,-0.12,1.41,-0.94,0.0,8,4,1
CHD,0.25,0.99,-0.16,0.0,8,3,1
CTSH,0.6,1.13,0.23,0.0,4,3,1
MPC,3.74,0.77,0.27,0.0,1,5,1
MCK,0.24,1.41,-0.69,0.0,9,5,0
K,-4.16,1.34,-0.99,0.0,5,4,0
SJM,-3.86,0.32,-0.63,0.0,1,3,0
MET,-0.01,1.2,-0.98,0.0,8,1,1
ZBRA,-4.03,1.16,-0.68,0.0,3,4,0
CME,1.01,0.1,0.74,0.0,7,4,1
DELL,0.58,1.02,0.46,0.0,7,2,1
RMD,2.99,1.33,-0.78,0.0,8,3,1
RL,2.27,1.2,-0.68,0.0,0,2,0
OMC,-2.31,1.16,-0.75,0.0,3,2,0
IP,-0.33,0.89,-0.7,0.0,3,5,0
CPAY,-2.05,1.72,0.51,1.0454999999999999,3,4,1
ROP,-0.69,0.64,0.62,0.42779999999999996,6,3,1
ZTS,0.92,0.24,-0.45,0.0,6,2,1
GRMN,-3.82,1.38,-0.35,0.0,9,5,0
NKE,-1.27,0.43,0.57,0.7239,8,3,1
GEHC,0.06,0.87,0.32,0.0,4,1,1
GPN,0.97,1.8,-0.87,0.0,0,4,1
PSA,-3.11,1.33,-0.84,0.0,3,1,0
A,-3.86,1.31,0.44,1.6984,6,4,0
IFF,1.75,0.6,0.55,0.0,9,3,1
WY,-3.12,1.69,0.4,1.2480000000000002,2,4,0
AMP,0.26,1.99,-0.08,0.0,2,5,0
PNW,4.11,1.48,-0.81,0.0,4,5,0
PPL,-1.07,1.62,0.13,0.1391,4,2,0
HON,3.54,1.1,-0.13,0.0,1,1,0
VLO,-4.78,1.39,-0.68,0.0,4,1,0
DVN,-1.75,0.3,-0.83,0.0,0,1,0
HSIC,-0.44,0.94,-0.79,0.0,0,3,0
CSCO,-2.52,1.44,0.74,1.8648,6,4,1
GDDY,0.35,0.03,-0.24,0.0,3,5,0
LNT,0.74,0.22,-0.96,0.0,9,5,0
SYK,2.67,0.06,0.4,0.0,9,1,1
BLDR,-0.87,0.58,0.95,0.8265,1,4,1
DAL,-0.26,2.05,0.03,0.0078,3,2,0
PYPL,2.67,1.04,0.09,0.0,1,1,0
GEN,1.04,0.92,0.42,0.0,6,3,1
CPB,-1.06,1.68,0.01,0.0106,6,2,0
LVS,0.62,0.92,-0.27,0.0,1,1,0
LYV,-0.94,1.77,0.03,0.028199999999999996,7,2,1
IR,1.37,1.37,0.45,0.0,8,5,1
TGT,-0.77,0.04,-0.34,0.0,0,2,0
CCI,1.5,1.7,0.71,0.0,2,5,1
FICO,-0.77,0.95,-0.8,0.0,9,5,0
UBER,-0.78,1.34,-0.83,0.0,6,4,0
MOH,0.26,1.78,-0.68,0.0,6,2,0
HSY,-1.05,0.45,0.86,0.903,0,5,0
BXP,-3.48,0.97,0.41,1.4267999999999998,6,3,1
XYZ,0.24,0.78,0.13,0.0,2,3,0
SMCI,-0.16,1.5,0.31,0.0496,0,5,0
MMC,1.26,1.81,0.38,0.0,6,4,1
MPWR,0.46,0.18,0.38,0.0,3,2,0
PLD,0.56,1.74,0.32,0.0,1,5,1
TER,1.09,0.91,0.07,0.0,9,5,1
KMB,-2.23,1.93,0.02,0.0446,4,5,0
COR,0.94,1.27,-0.63,0.0,1,2,0
TGT,0.97,1.55,-0.38,0.0,9,5,1
WMB,-2.21,0.61,0.11,0.2431,5,2,1
EW,-0.39,1.25,-0.56,0.0,2,5,1
HSY,0.55,0.12,-0.3,0.0,4,4,1
COR,1.38,0.78,-0.94,0.0,0,5,0
BKNG,2.03,2.12,0.18,0.0,7,5,1
CSCO,-0.02,0.96,-0.18,0.0,5,2,0
DPZ,2.38,1.52,0.44,0.0,2,5,1
NWS,0.87,1.2,-0.81,0.0,3,3,0
LYV,-5.28,1.08,0.75,3.96,3,3,0
DVN,-2.29,0.84,0.4,0.916,5,3,0
EW,-2.69,0.68,0.11,0.2959,0,5,0
CBOE,-3.33,1.44,-0.1,0.0,5,5,1
MKC,1.07,2.1,-0.21,0.0,7,4,0
DDOG,1.81,0.89,-0.23,0.0,8,1,1
PAYX,-2.11,0.97,0.86,1.8145999999999998,2,2,0
WBD,-0.92,1.2,0.25,0.23,4,4,1
KHC,2.5,0.47,0.4,0.0,5,4,1
LHX,1.73,0.99,-0.02,0.0,4,5,0
OKE,2.52,1.07,-0.2,0.0,6,4,0
UBER,1.24,0.71,0.51,0.0,5,3,1
TMUS,1.66,0.63,-0.13,0.0,9,1,0
DTE,-0.08,0.95,-0.44,0.0,9,2,1
CSX,0.45,0.03,0.33,0.0,6,5,1
TXN,-2.67,1.43,0.99,2.6433,3,5,1
T,-0.91,1.12,0.69,0.6279,3,5,0
SYK,2.36,1.2,-0.19,0.0,3,2,1
LHX,5.89,1.36,0.08,0.0,4,1,1
NRG,-0.14,1.01,0.08,0.011200000000000002,3,1,1
A,-0.07,0.13,0.69,0.0483,7,5,1
CCL,1.09,0.67,-0.01,0.0,5,1,0
EPAM,-3.02,0.66,-0.3,0.0,0,1,0
BRK-B,0.42,1.41,-0.01,0.0,0,3,1
PEG,-2.57,0.63,0.23,0.5911,1,5,0
ABT,-2.56,0.86,0.88,2.2528,5,3,1
EIX,-1.23,0.44,0.62,0.7626,0,3,0
HST,-2.25,1.05,-0.26,0.0,4,2,0
CF,-2.08,1.65,0.39,0.8112,8,1,1
MSCI,0.75,1.45,0.71,0.0,9,1,1
WMT,2.09,0.48,0.03,0.0,5,2,1
AVB,0.42,1.98,0.66,0.0,5,5,0
MRK,-1.24,0.56,0.01,0.0124,1,5,1
UPS,0.76,1.68,0.56,0.0,7,2,1
FAST,-0.22,0.91,0.39,0.0858,1,5,0
LNT,1.34,0.14,-0.25,0.0,9,4,0
KHC,0.33,1.1,0.33,0.0,1,5,0
META,1.56,0.54,-0.24,0.0,8,3,0
WRB,-2.15,1.06,0.05,0.1075,2,2,0
URI,0.75,0.82,-0.98,0.0,9,1,1
TXN,-2.85,0.75,0.07,0.19950000000000004,4,4,0
UPS,0.92,0.54,0.51,0.0,9,5,1
ALLE,0.56,1.39,0.54,0.0,5,5,1
HST,-3.04,1.71,0.97,2.9488,8,5,0
LYB,-1.36,1.05,-0.45,0.0,6,3,0
UNH,-2.13,1.51,-0.41,0.0,5,5,0
MNST,-1.73,1.25,-0.7,0.0,5,2,0
LDOS,-0.71,1.09,0.94,0.6673999999999999,8,2,1
META,0.54,1.1,-0.43,0.0,7,4,0
RVTY,0.43,0.74,0.65,0.0,0,1,0
RL,2.58,0.44,-0.96,0.0,0,4,0
NRG,2.73,0.97,0.91,0.0,2,5,1
HD,0.05,1.45,-0.28,0.0,5,5,0
FAST,1.41,1.17,-0.59,0.0,5,3,1
UPS,-0.72,1.31,-0.79,0.0,2,4,0
WM,2.46,1.23,0.8,0.0,6,1,1
COR,4.54,1.03,-0.41,0.0,4,5,1
BALL,0.98,0.46,-0.07,0.0,6,2,1
WY,-0.13,0.61,0.23,0.029900000000000003,1,4,0
LW,1.26,1.03,-0.64,0.0,1,1,0
PYPL,-1.6,0.75,0.09,0.144,1,1,1
WMB,-2.35,1.23,-0.06,0.0,1,1,0
RF,-1.41,0.59,-0.02,0.0,6,3,0
QCOM,-1.76,0.31,-0.07,0.0,1,5,0
SBAC,2.67,0.59,0.93,0.0,3,5,1
PFG,-1.44,0.64,-0.96,0.0,8,1,0
EVRG,0.18,0.78,-0.63,0.0,6,4,0
DHI,-4.1,0.81,-0.79,0.0,6,2,0
AMD,1.22,0.98,-0.77,0.0,2,3,0
FTV,1.59,1.67,0.29,0.0,0,2,1
CPRT,0.11,0.11,0.57,0.0,9,4,0
AMZN,0.42,0.77,0.07,0.0,9,1,0
COP,2.37,0.9,-0.02,0.0,1,1,0
AMCR,-0.28,0.74,-0.33,0.0,1,1,1
CDNS,-1.32,0.76,0.91,1.2012,5,3,1
AOS,-0.72,0.39,-0.29,0.0,7,5,0
NKE,-2.17,1.01,0.48,1.0415999999999999,0,5,0
EXR,2.96,1.05,-0.54,0.0,6,5,1
KO,2.13,0.77,-0.95,0.0,3,2,1
FIS,0.07,0.98,-0.06,0.0,4,4,0
EXPE,0.91,0.98,0.7,0.0,4,2,1
DOW,-1.69,1.3,-0.12,0.0,2,1,0
TDY,-1.35,1.72,-0.34,0.0,5,1,0
XEL,-0.26,0.75,-0.68,0.0,4,2,1
MET,0.61,0.63,-0.43,0.0,2,5,0
BLK,-0.75,0.98,-0.03,0.0,0,2,1
CMS,0.04,0.55,-0.68,0.0,6,3,0
ORLY,4.88,1.42,-0.6,0.0,6,1,0
CAT,-0.99,0.67,-0.55,0.0,4,2,0
BKNG,1.58,0.88,0.83,0.0,2,2,1
ADP,-1.33,0.24,0.74,0.9842000000000001,2,1,0
HPQ,-1.88,1.12,-0.89,0.0,0,4,0
TGT,2.7,0.07,0.03,0.0,2,5,0
INTU,-1.89,1.93,-0.15,0.0,1,4,1
ATO,0.03,0.62,-0.34,0.0,6,5,1
KO,0.44,1.65,-0.1,0.0,1,3,1
HWM,0.62,0.62,-0.36,0.0,4,2,0
AON,-3.05,1.15,0.49,1.4945,0,1,0
MU,0.06,0.29,0.34,0.0,5,4,1
BAX,-4.1,0.66,0.11,0.45099999999999996,1,1,0
HII,-1.96,1.93,-0.71,0.0,1,5,0
MDLZ,0.39,0.67,0.59,0.0,9,2,0
KDP,-1.44,1.42,-0.67,0.0,7,1,0
CBOE,-2.09,1.11,-0.08,0.0,2,4,1
NXPI,1.78,0.76,-0.14,0.0,6,3,0
PKG,-2.26,1.44,0.38,0.8587999999999999,5,5,1
GPN,-2.68,1.62,0.56,1.5008000000000001,2,4,0
LYV,1.09,1.09,-1.0,0.0,8,4,0
PEG,2.52,1.43,-0.29,0.0,7,5,0
COO,-1.43,1.59,-0.65,0.0,7,3,0
UHS,2.56,2.49,-0.49,0.0,4,4,1
ORLY,-3.09,1.66,-0.21,0.0,9,4,0
CDNS,0.14,1.36,0.54,0.0,3,5,1
BLDR,0.02,0.26,-0.96,0.0,8,4,0
TECH,-0.69,1.01,-0.47,0.0,3,4,0
CBRE,0.42,1.31,-0.17,0.0,3,1,0
LII,-1.26,1.3,-0.74,0.0,8,4,0
SYF,-3.53,0.68,-0.49,0.0,3,2,0
PTC,-2.0,1.04,0.66,1.32,7,3,1
VLTO,1.36,0.81,0.53,0.0,8,3,1
BAC,-3.57,1.01,0.3,1.071,9,5,0
CPRT,-2.05,1.3,-0.01,0.0,3,3,0
OTIS,5.2,0.14,0.54,0.0,1,4,1
XYZ,-0.58,1.22,0.46,0.2668,2,2,0
AVGO,2.43,0.83,0.36,0.0,0,5,1
FRT,-0.77,1.51,0.18,0.1386,1,4,1
HII,0.39,1.03,-0.89,0.0,6,5,0
SNPS,0.23,0.6,-0.34,0.0,5,5,1
LYB,0.15,1.6,0.87,0.0,3,2,1
WMB,-2.68,0.84,0.82,2.1976,7,3,0
DGX,0.29,0.08,-0.47,0.0,5,2,1
VZ,-0.05,0.14,-0.16,0.0,0,2,1
DXCM,2.5,1.14,0.13,0.0,5,5,0
WDC,1.41,0.53,-0.26,0.0,3,5,0
PNW,1.26,1.38,0.59,0.0,9,5,1
STE,1.87,1.25,-0.92,0.0,3,1,0
FICO,-2.03,0.82,0.12,0.24359999999999996,8,3,1
WDC,1.28,0.86,-0.81,0.0,2,1,0
DOW,-0.92,0.66,0.9,0.8280000000000001,1,5,1
FCX,0.56,1.49,0.23,0.0,9,3,1
UHS,-0.24,0.56,1.0,0.24,8,4,0
BA,-1.3,0.84,-0.05,0.0,6,5,0
CPAY,-2.06,1.3,-0.84,0.0,7,4,0
WDC,-2.13,0.89,0.83,1.7678999999999998,1,2,0
LRCX,1.49,1.06,0.06,0.0,9,4,0
WAT,-0.54,1.7,-0.36,0.0,9,5,0
KVUE,1.16,1.3,0.96,0.0,1,1,1
VTR,1.06,1.2,-1.0,0.0,4,5,1
ANET,-2.4,1.19,-0.39,0.0,1,3,0
SRE,2.45,1.13,0.86,0.0,8,5,1
TPL,-0.21,1.61,-0.22,0.0,5,3,0
A,2.34,0.17,-0.38,0.0,6,1,0
APTV,0.33,1.53,-0.35,0.0,6,1,0
SCHW,1.2,1.06,-0.03,0.0,5,4,1
CMCSA,-0.48,1.11,0.42,0.20159999999999997,8,5,0
EXC,1.65,0.45,0.49,0.0,1,5,1
WDAY,0.37,1.15,0.87,0.0,8,1,0
AME,-1.03,0.92,0.53,0.5459,5,4,0
STE,-0.52,2.27,-0.94,0.0,7,5,0
USB,-0.55,0.77,-0.65,0.0,7,4,0
NTAP,0.6,1.38,0.34,0.0,8,5,1
UNP,0.6,1.37,-0.31,0.0,4,1,1
CHTR,0.98,1.18,0.04,0.0,0,4,0
EMR,-1.13,2.14,-0.77,0.0,2,4,0
COST,1.59,1.14,0.77,0.0,2,5,1
META,2.15,0.53,-0.73,0.0,9,5,1
ADP,0.95,0.77,0.83,0.0,4,1,1
HII,-1.21,1.18,0.22,0.2662,5,4,1
INVH,0.05,1.83,0.79,0.0,2,5,0
CTAS,1.02,1.58,-0.39,0.0,5,3,0
PWR,-1.72,0.67,-0.12,0.0,2,1,0
FICO,2.61,0.55,0.53,0.0,5,1,1
SBUX,2.98,0.76,-0.55,0.0,7,4,0
HRL,-0.38,0.09,0.96,0.3648,3,1,1
REG,-3.15,0.72,-0.39,0.0,3,1,0
PSX,4.69,1.35,-0.02,0.0,6,1,0
MCHP,-0.18,0.26,-0.32,0.0,6,1,0
CAT,2.19,1.72,-0.08,0.0,2,3,1
UNH,-2.74,1.35,0.34,0.9316000000000001,5,3,0
ACN,0.44,0.82,-0.96,0.0,0,3,1
KO,2.42,0.99,0.2,0.0,6,2,0
SOLV,1.22,0.34,-0.08,0.0,3,4,1
AMZN,1.74,1.96,0.11,0.0,9,5,1
SBUX,1.6,0.97,-0.2,0.0,3,4,0
LHX,-0.14,1.61,-0.65,0.0,4,4,1
ABNB,6.15,0.6,-0.48,0.0,5,3,1
BALL,4.24,1.49,-0.05,0.0,5,3,0
PSA,0.09,0.94,-0.19,0.0,1,1,0
DHI,-2.28,1.03,0.03,0.06839999999999999,5,3,0
HRL,3.85,0.45,0.46,0.0,2,2,1
AXP,-3.11,0.3,0.28,0.8708,3,3,0
TRMB,-0.4,0.91,0.26,0.10400000000000001,0,4,0
COO,-1.17,1.13,-0.08,0.0,3,5,1
JKHY,1.64,0.52,0.2,0.0,7,4,0
GE,-0.47,1.56,0.92,0.4324,7,3,1
BKNG,2.65,1.42,-0.04,0.0,3,1,1
VMC,-1.56,0.83,0.14,0.21840000000000004,6,5,0
WDAY,-3.01,1.5,0.08,0.2408,1,2,1
ULTA,3.62,1.2,0.58,0.0,0,4,1
LH,-2.91,0.25,0.18,0.5238,2,4,0
EW,2.88,1.21,-0.33,0.0,0,1,0
CLX,0.71,0.14,-0.57,0.0,3,3,1
CSX,0.88,0.74,0.97,0.0,1,2,1
CDW,1.04,0.89,0.59,0.0,1,4,1
TROW,-2.32,1.37,0.79,1.8328,6,3,1
MHK,-1.85,0.46,0.03,0.0555,0,3,0
LNT,-4.79,0.66,-0.38,0.0,9,3,0
PEP,-0.08,1.41,0.25,0.02,9,5,0
RSG,-1.93,0.03,-0.18,0.0,6,1,1
SNPS,1.6,1.59,0.98,0.0,7,5,1
AZO,-0.91,1.09,0.32,0.2912,5,2,0
PYPL,1.05,1.3,0.09,0.0,5,3,1
EOG,-0.41,1.09,1.0,0.41,1,5,1
